"","year","month","day","dep_time","sched_dep_time","dep_delay","arr_time","sched_arr_time","arr_delay","carrier","flight","tailnum","origin","dest","air_time","distance","hour","minute","time_hour","orig.id"
"1",2023,1,25,1843,1843,0,2203,2209,-6,"DL",526,"N830DN","EWR","SLC",260,1969,18,43,2023-01-25 18:00:00,"3823"
"2",2023,11,26,703,705,-2,1051,1020,31,"DL",554,"N392DN","LGA","FLL",167,1076,7,5,2023-11-26 07:00:00,"55341"
"3",2023,10,29,2057,2055,2,2255,2238,17,"DL",375,"N107DU","LGA","ORD",125,733,20,55,2023-10-29 20:00:00,"50658"
"4",2023,10,12,1113,1115,-2,1438,1435,3,"DL",887,"N110DX","LGA","FLL",177,1076,11,15,2023-10-12 11:00:00,"47606"
"5",2023,10,24,1910,1920,-10,2102,2129,-27,"DL",564,"N364DX","LGA","DTW",77,502,19,20,2023-10-24 19:00:00,"49774"
"6",2023,6,14,2000,1511,289,2244,1820,264,"DL",380,"N336NB","LGA","PBI",142,1035,15,11,2023-06-14 15:00:00,"27174"
"7",2023,8,23,604,605,-1,820,817,3,"DL",667,"N346NB","EWR","ATL",101,746,6,5,2023-08-23 06:00:00,"38898"
"8",2023,9,21,2056,2100,-4,2315,2326,-11,"DL",335,"N104DN","LGA","ATL",106,762,21,0,2023-09-21 21:00:00,"43999"
"9",2023,9,13,1554,1555,-1,1855,1911,-16,"DL",382,"N775DE","LGA","MIA",159,1096,15,55,2023-09-13 15:00:00,"42543"
"10",2023,7,23,2155,2159,-4,102,148,-46,"DL",287,"N706TW","JFK","SFO",333,2586,21,59,2023-07-23 21:00:00,"33754"
"11",2023,5,21,830,830,0,1103,1104,-1,"DL",579,"N129DU","JFK","JAX",118,828,8,30,2023-05-21 08:00:00,"22977"
"12",2023,1,24,1633,1600,33,1741,1721,20,"DL",829,"N118DU","LGA","BOS",39,184,16,0,2023-01-24 16:00:00,"3638"
"13",2023,12,12,1835,1835,0,2049,2049,0,"DL",595,"N966AT","EWR","MSP",163,1008,18,35,2023-12-12 18:00:00,"58311"
"14",2023,12,9,1432,1400,32,1656,1645,11,"DL",159,"N367NW","LGA","ATL",119,762,14,0,2023-12-09 14:00:00,"57745"
"15",2023,3,25,1015,1010,5,1300,1318,-18,"DL",995,"N375DN","LGA","MCO",142,950,10,10,2023-03-25 10:00:00,"13459"
"16",2023,4,22,1810,1700,70,2052,2006,46,"DL",252,"N805DN","JFK","LAS",301,2248,17,0,2023-04-22 17:00:00,"18178"
"17",2023,12,8,1813,1815,-2,2114,2144,-30,"DL",197,"N116DU","JFK","DFW",197,1391,18,15,2023-12-08 18:00:00,"57613"
"18",2023,2,1,2009,2019,-10,2211,2220,-9,"DL",954,"N971AT","EWR","DTW",99,488,20,19,2023-02-01 20:00:00,"4981"
"19",2023,4,22,1910,1755,75,2045,1950,55,"DL",436,"N144DU","LGA","ORD",122,733,17,55,2023-04-22 17:00:00,"18186"
"20",2023,1,27,2218,1929,169,120,2239,161,"DL",649,"N390DA","JFK","PBI",160,1028,19,29,2023-01-27 19:00:00,"4204"
"21",2023,7,16,2254,1940,194,148,2311,157,"DL",513,"N808DN","JFK","FLL",145,1069,19,40,2023-07-16 19:00:00,"32534"
"22",2023,5,13,1437,1400,37,1643,1631,12,"DL",138,"N377DN","LGA","ATL",106,762,14,0,2023-05-13 14:00:00,"21673"
"23",2023,6,8,1544,1531,13,1915,1849,26,"DL",595,"N335DN","LGA","FLL",172,1076,15,31,2023-06-08 15:00:00,"26136"
"24",2023,7,24,1932,1835,57,2124,2045,39,"DL",793,"N946AT","EWR","MSP",141,1008,18,35,2023-07-24 18:00:00,"33908"
"25",2023,5,13,1710,1710,0,1945,1955,-10,"DL",156,"N3763D","LGA","DEN",236,1620,17,10,2023-05-13 17:00:00,"21701"
"26",2023,10,30,1142,1145,-3,1438,1445,-7,"DL",1005,"N387DN","LGA","MCO",137,950,11,45,2023-10-30 11:00:00,"50742"
"27",2023,12,19,1442,1330,72,1724,1650,34,"DL",294,"N411DX","JFK","LAX",319,2475,13,30,2023-12-19 13:00:00,"59520"
"28",2023,12,23,1954,2000,-6,2301,2305,-4,"DL",854,"N832DN","JFK","TPA",144,1005,20,0,2023-12-23 20:00:00,"60297"
"29",2023,9,25,1056,1043,13,1416,1353,23,"DL",1000,"N108DQ","LGA","SRQ",145,1047,10,43,2023-09-25 10:00:00,"44587"
"30",2023,5,30,857,900,-3,1112,1133,-21,"DL",196,"N395DN","JFK","DEN",209,1626,9,0,2023-05-30 09:00:00,"24532"
"31",2023,4,8,2129,2127,2,9,36,-27,"DL",251,"N881DN","JFK","LAS",298,2248,21,27,2023-04-08 21:00:00,"15868"
"32",2023,10,15,1112,1110,2,1405,1411,-6,"DL",350,"N373DX","JFK","FLL",151,1069,11,10,2023-10-15 11:00:00,"48108"
"33",2023,4,22,1136,1955,941,1446,2359,887,"DL",497,"N704X","JFK","SFO",338,2586,19,55,2023-04-22 19:00:00,"18133"
"34",2023,9,7,1005,1700,1025,1256,2043,973,"DL",282,"N703TW","JFK","SFO",324,2586,17,0,2023-09-07 17:00:00,"41458"
"35",2023,6,16,2235,2055,100,2341,2233,68,"DL",1026,"N120DU","JFK","BOS",39,187,20,55,2023-06-16 20:00:00,"27552"
"36",2023,8,2,1604,1600,4,1819,1849,-30,"DL",154,"N353DN","LGA","ATL",104,762,16,0,2023-08-02 16:00:00,"35434"
"37",2023,7,10,803,805,-2,955,1014,-19,"DL",467,"N371NB","JFK","MSP",143,1029,8,5,2023-07-10 08:00:00,"31370"
"38",2023,9,9,1031,1025,6,1320,1326,-6,"DL",400,"N129DU","JFK","SAT",205,1587,10,25,2023-09-09 10:00:00,"41813"
"39",2023,8,8,1933,1859,34,2103,2028,35,"DL",800,"N118DU","LGA","BOS",57,184,18,59,2023-08-08 18:00:00,"36479"
"40",2023,3,20,1322,1150,92,1502,1348,74,"DL",287,"N936AT","EWR","MSP",144,1008,11,50,2023-03-20 11:00:00,"12636"
"41",2023,5,6,1954,1955,-1,2221,2309,-48,"DL",544,"N367DN","JFK","MCO",121,944,19,55,2023-05-06 19:00:00,"20512"
"42",2023,6,13,NA,710,NA,NA,1011,NA,"DL",308,"N359NB","LGA","TPA",NA,1010,7,10,2023-06-13 07:00:00,"27037"
"43",2023,8,17,2043,1915,88,2320,2214,66,"DL",504,"N125DU","LGA","IAH",180,1416,19,15,2023-08-17 19:00:00,"38038"
"44",2023,7,29,1111,1111,0,1404,1434,-30,"DL",511,"N372DA","LGA","MIA",146,1096,11,11,2023-07-29 11:00:00,"34694"
"45",2023,11,13,1218,1223,-5,1508,1540,-32,"DL",546,"N358DN","LGA","FLL",145,1076,12,23,2023-11-13 12:00:00,"53215"
"46",2023,11,2,1006,1000,6,1233,1245,-12,"DL",150,"N382DN","LGA","ATL",114,762,10,0,2023-11-02 10:00:00,"51249"
"47",2023,3,27,1757,1800,-3,2130,2143,-13,"DL",261,"N812DN","JFK","SLC",287,1990,18,0,2023-03-27 18:00:00,"13833"
"48",2023,5,17,656,700,-4,1006,1045,-39,"DL",175,"N703TW","JFK","SFO",340,2586,7,0,2023-05-17 07:00:00,"22275"
"49",2023,12,6,1807,1810,-3,2053,2123,-30,"DL",345,"N411DX","JFK","LAX",318,2475,18,10,2023-12-06 18:00:00,"57245"
"50",2023,8,21,1109,1110,-1,1257,1346,-49,"DL",295,"N526DE","JFK","LAS",263,2248,11,10,2023-08-21 11:00:00,"38604"
"51",2023,9,16,1417,1400,17,1645,1630,15,"DL",165,"N339DN","LGA","ATL",111,762,14,0,2023-09-16 14:00:00,"43051"
"52",2023,2,24,725,735,-10,1028,1102,-34,"DL",892,"N341NB","JFK","RSW",163,1074,7,35,2023-02-24 07:00:00,"8628"
"53",2023,8,14,2003,1935,28,2304,2250,14,"DL",130,"N174DN","JFK","LAX",315,2475,19,35,2023-08-14 19:00:00,"37512"
"54",2023,3,6,900,905,-5,1155,1150,5,"DL",354,"N375DA","JFK","DEN",253,1626,9,5,2023-03-06 09:00:00,"10289"
"55",2023,9,5,2032,2029,3,2250,2220,30,"DL",1014,"N899AT","EWR","DTW",71,488,20,29,2023-09-05 20:00:00,"41223"
"56",2023,11,20,1253,1257,-4,1610,1610,0,"DL",133,"N109DU","LGA","DFW",219,1389,12,57,2023-11-20 12:00:00,"54463"
"57",2023,4,30,1725,1629,56,1958,1848,70,"DL",698,"N123DQ","JFK","DTW",75,509,16,29,2023-04-30 16:00:00,"19476"
"58",2023,10,17,1904,1915,-11,2211,2215,-4,"DL",416,"N329NW","LGA","PBI",146,1035,19,15,2023-10-17 19:00:00,"48553"
"59",2023,6,7,1912,1759,73,2148,2057,51,"DL",624,"N311DN","LGA","MCO",138,950,17,59,2023-06-07 17:00:00,"25995"
"60",2023,3,1,1730,1730,0,1947,2000,-13,"DL",494,"N3756","EWR","ATL",114,746,17,30,2023-03-01 17:00:00,"9552"
"61",2023,11,1,1919,1920,-1,2126,2129,-3,"DL",568,"N376DN","LGA","DTW",78,502,19,20,2023-11-01 19:00:00,"51162"
"62",2023,12,13,1911,1829,42,2214,2205,9,"DL",96,"N865DN","JFK","SLC",269,1990,18,29,2023-12-13 18:00:00,"58500"
"63",2023,2,19,1344,1203,101,1637,1457,100,"DL",456,"N317US","JFK","PBI",143,1028,12,3,2023-02-19 12:00:00,"7825"
"64",2023,10,15,634,643,-9,934,949,-15,"DL",624,"N376NW","JFK","AUS",219,1521,6,43,2023-10-15 06:00:00,"48057"
"65",2023,9,7,1907,1834,33,2307,2106,121,"DL",1002,"N933AT","EWR","ATL",111,746,18,34,2023-09-07 18:00:00,"41546"
"66",2023,5,4,2025,2030,-5,2135,2220,-45,"DL",448,"N145DQ","LGA","ORD",108,733,20,30,2023-05-04 20:00:00,"20206"
"67",2023,5,22,1813,1530,163,2103,1840,143,"DL",434,"N397DN","JFK","MCO",146,944,15,30,2023-05-22 15:00:00,"23247"
"68",2023,3,8,1558,1600,-2,1741,1749,-8,"DL",476,"N136DQ","LGA","ORD",125,733,16,0,2023-03-08 16:00:00,"10697"
"69",2023,3,3,1909,1910,-1,2215,2227,-12,"DL",638,"N115DN","JFK","FLL",155,1069,19,10,2023-03-03 19:00:00,"9910"
"70",2023,1,23,1858,1825,33,2029,2016,13,"DL",423,"N102DU","LGA","ORD",116,733,18,25,2023-01-23 18:00:00,"3487"
"71",2023,1,15,1538,1540,-2,1736,1824,-48,"DL",145,"N176DZ","JFK","ATL",98,760,15,40,2023-01-15 15:00:00,"2147"
"72",2023,6,12,1610,1600,10,1953,1819,94,"DL",428,"N116DU","LGA","CHS",111,641,16,0,2023-06-12 16:00:00,"26802"
"73",2023,7,5,800,805,-5,1134,1206,-32,"DL",580,"N821DN","JFK","SJU",195,1598,8,5,2023-07-05 08:00:00,"30551"
"74",2023,8,17,1133,1135,-2,1324,1323,1,"DL",466,"N131DU","LGA","ORD",125,733,11,35,2023-08-17 11:00:00,"37946"
"75",2023,9,24,1251,1200,51,1458,1416,42,"DL",943,"N934AT","EWR","ATL",106,746,12,0,2023-09-24 12:00:00,"44424"
"76",2023,1,12,1259,1255,4,1615,1617,-2,"DL",900,"N108DQ","LGA","IAH",232,1416,12,55,2023-01-12 12:00:00,"1673"
"77",2023,4,17,658,700,-2,1010,1015,-5,"DL",202,"N173DZ","JFK","LAX",319,2475,7,0,2023-04-17 07:00:00,"17226"
"78",2023,7,21,1111,1111,0,1420,1434,-14,"DL",511,"N377DA","LGA","MIA",147,1096,11,11,2023-07-21 11:00:00,"33323"
"79",2023,2,27,1539,1530,9,1852,1849,3,"DL",632,"N352DN","JFK","FLL",145,1069,15,30,2023-02-27 15:00:00,"9189"
"80",2023,4,22,852,900,-8,1222,1208,14,"DL",583,"N125DU","LGA","IAH",212,1416,9,0,2023-04-22 09:00:00,"18110"
"81",2023,5,1,1054,1055,-1,1333,1350,-17,"DL",372,"N323DN","JFK","MCO",138,944,10,55,2023-05-01 10:00:00,"19586"
"82",2023,8,10,607,610,-3,736,747,-11,"DL",371,"N114DU","LGA","ORD",115,733,6,10,2023-08-10 06:00:00,"36690"
"83",2023,1,1,1440,1440,0,1649,1719,-30,"DL",196,"N350NA","LGA","ATL",111,762,14,40,2023-01-01 14:00:00,"73"
"84",2023,3,9,1323,1315,8,1759,1806,-7,"DL",746,"N883DN","JFK","SJU",192,1598,13,15,2023-03-09 13:00:00,"10843"
"85",2023,7,31,757,752,5,954,1007,-13,"DL",749,"N331NB","JFK","MSY",156,1182,7,52,2023-07-31 07:00:00,"35003"
"86",2023,12,13,1919,1925,-6,2149,2158,-9,"DL",453,"N139DU","LGA","MSY",186,1183,19,25,2023-12-13 19:00:00,"58503"
"87",2023,5,12,1450,1455,-5,1736,1736,0,"DL",769,"N103DU","JFK","JAX",112,828,14,55,2023-05-12 14:00:00,"21510"
"88",2023,12,24,1220,1227,-7,1425,1501,-36,"DL",115,"N387DA","JFK","ATL",110,760,12,27,2023-12-24 12:00:00,"60389"
"89",2023,1,20,828,830,-2,1143,1203,-20,"DL",243,"N119DU","LGA","DFW",228,1389,8,30,2023-01-20 08:00:00,"2927"
"90",2023,2,24,733,735,-2,1028,1043,-15,"DL",578,"N849DN","JFK","TPA",153,1005,7,35,2023-02-24 07:00:00,"8629"
"91",2023,5,4,1102,1107,-5,1414,1418,-4,"DL",511,"N367DN","JFK","MIA",145,1089,11,7,2023-05-04 11:00:00,"20104"
"92",2023,9,11,1513,1516,-3,1945,1808,97,"DL",208,"N312DU","LGA","DFW",191,1389,15,16,2023-09-11 15:00:00,"42176"
"93",2023,9,6,738,740,-2,916,955,-39,"DL",549,"N362NB","JFK","MSP",134,1029,7,40,2023-09-06 07:00:00,"41261"
"94",2023,12,13,556,600,-4,828,831,-3,"DL",803,"N935AT","EWR","ATL",115,746,6,0,2023-12-13 06:00:00,"58356"
"95",2023,2,10,757,735,22,1051,1049,2,"DL",448,"N107DN","JFK","FLL",158,1069,7,35,2023-02-10 07:00:00,"6340"
"96",2023,8,16,1604,1605,-1,1818,1839,-21,"DL",627,"N370NB","JFK","MSY",167,1182,16,5,2023-08-16 16:00:00,"37815"
"97",2023,12,11,724,730,-6,1041,1040,1,"DL",351,"N359NW","LGA","PBI",158,1035,7,30,2023-12-11 07:00:00,"58007"
"98",2023,3,28,1151,1150,1,1349,1348,1,"DL",287,"N894AT","EWR","MSP",157,1008,11,50,2023-03-28 11:00:00,"13959"
"99",2023,7,21,1307,1235,32,1559,1534,25,"DL",129,"N126DU","LGA","DFW",197,1389,12,35,2023-07-21 12:00:00,"33348"
"100",2023,7,5,844,850,-6,1115,1146,-31,"DL",180,"N109DU","LGA","DFW",175,1389,8,50,2023-07-05 08:00:00,"30558"
"101",2023,9,18,725,730,-5,901,906,-5,"DL",629,"N130DU","LGA","ORD",105,733,7,30,2023-09-18 07:00:00,"43316"
"102",2023,6,1,558,600,-2,805,820,-15,"DL",337,"N360DN","LGA","ATL",106,762,6,0,2023-06-01 06:00:00,"24842"
"103",2023,8,27,2107,2100,7,2224,2242,-18,"DL",787,"N101DU","JFK","BOS",34,187,21,0,2023-08-27 21:00:00,"39722"
"104",2023,3,8,1200,1203,-3,1446,1457,-11,"DL",475,"N365NW","JFK","PBI",149,1028,12,3,2023-03-08 12:00:00,"10668"
"105",2023,6,27,1226,1229,-3,1619,1535,44,"DL",554,"N347NW","JFK","AUS",207,1521,12,29,2023-06-27 12:00:00,"29290"
"106",2023,10,8,709,700,9,954,954,0,"DL",174,"N197DN","JFK","LAX",311,2475,7,0,2023-10-08 07:00:00,"46842"
"107",2023,11,16,1702,1610,52,2045,1956,49,"DL",344,"N523DE","JFK","PHX",298,2153,16,10,2023-11-16 16:00:00,"53812"
"108",2023,12,21,814,815,-1,1118,1125,-7,"DL",509,"N884DN","JFK","TPA",135,1005,8,15,2023-12-21 08:00:00,"59827"
"109",2023,4,27,1253,1300,-7,1430,1448,-18,"DL",614,"N980AT","EWR","DTW",83,488,13,0,2023-04-27 13:00:00,"18964"
"110",2023,10,9,1552,1546,6,1850,1845,5,"DL",111,"N338DN","LGA","MCO",142,950,15,46,2023-10-09 15:00:00,"47115"
"111",2023,11,20,2008,1920,48,2258,2252,6,"DL",200,"N520DE","JFK","PDX",316,2454,19,20,2023-11-20 19:00:00,"54544"
"112",2023,12,14,1117,1110,7,1417,1424,-7,"DL",486,"N386DN","JFK","MIA",152,1089,11,10,2023-12-14 11:00:00,"58600"
"113",2023,9,13,659,705,-6,1009,1015,-6,"DL",961,"N3773D","LGA","MIA",165,1096,7,5,2023-09-13 07:00:00,"42451"
"114",2023,4,21,1140,1140,0,1448,1455,-7,"DL",210,"N183DN","JFK","LAX",323,2475,11,40,2023-04-21 11:00:00,"17967"
"115",2023,3,7,1657,1700,-3,1914,1938,-24,"DL",994,"N823DX","JFK","ATL",109,760,17,0,2023-03-07 17:00:00,"10540"
"116",2023,8,10,712,605,67,942,817,85,"DL",667,"N359NW","EWR","ATL",110,746,6,5,2023-08-10 06:00:00,"36707"
"117",2023,11,20,821,830,-9,1127,1200,-33,"DL",340,"N507DZ","JFK","SAN",309,2446,8,30,2023-11-20 08:00:00,"54421"
"118",2023,4,16,1657,1700,-3,1925,2006,-41,"DL",252,"N923DZ","JFK","LAS",289,2248,17,0,2023-04-16 17:00:00,"17151"
"119",2023,8,9,700,700,0,1015,1022,-7,"DL",153,"N178DN","JFK","SFO",348,2586,7,0,2023-08-09 07:00:00,"36532"
"120",2023,8,21,1606,1526,40,1844,1849,-5,"DL",209,"N392DN","JFK","FLL",129,1069,15,26,2023-08-21 15:00:00,"38657"
"121",2023,6,1,1302,1134,88,1429,1325,64,"DL",603,"N357NB","LGA","ORD",107,733,11,34,2023-06-01 11:00:00,"24925"
"122",2023,10,27,813,650,83,1151,1016,95,"DL",103,"N305DN","JFK","SLC",289,1990,6,50,2023-10-27 06:00:00,"50204"
"123",2023,11,12,1618,1610,8,1932,1956,-24,"DL",344,"N523DE","JFK","PHX",289,2153,16,10,2023-11-12 16:00:00,"53068"
"124",2023,9,13,1058,1059,-1,1237,1309,-32,"DL",499,"N388DN","LGA","MSP",139,1020,10,59,2023-09-13 10:00:00,"42491"
"125",2023,6,26,944,840,64,1215,1159,16,"DL",121,"N879DN","JFK","PDX",298,2454,8,40,2023-06-26 08:00:00,"29091"
"126",2023,3,3,1549,1550,-1,1849,1836,13,"DL",337,"N377DN","LGA","ATL",136,762,15,50,2023-03-03 15:00:00,"9878"
"127",2023,2,6,1109,1110,-1,1416,1440,-24,"DL",148,"N893DN","JFK","SLC",289,1990,11,10,2023-02-06 11:00:00,"5697"
"128",2023,10,6,841,600,161,1129,844,165,"DL",233,"N101DU","LGA","DFW",198,1389,6,0,2023-10-06 06:00:00,"46533"
"129",2023,9,12,1010,730,160,1154,906,168,"DL",629,"N314DU","LGA","ORD",112,733,7,30,2023-09-12 07:00:00,"42309"
"130",2023,2,9,2041,2045,-4,2209,2234,-25,"DL",451,"N138DU","LGA","ORD",117,733,20,45,2023-02-09 20:00:00,"6296"
"131",2023,1,14,1304,1259,5,1445,1506,-21,"DL",843,"N333NB","LGA","DTW",77,502,12,59,2023-01-14 12:00:00,"2001"
"132",2023,7,5,1714,1715,-1,2040,2106,-26,"DL",262,"N705TW","JFK","SFO",346,2586,17,15,2023-07-05 17:00:00,"30637"
"133",2023,1,31,1127,1110,17,1440,1420,20,"DL",1092,"N339DN","LGA","PBI",146,1035,11,10,2023-01-31 11:00:00,"4725"
"134",2023,9,20,1127,1135,-8,1337,1355,-18,"DL",877,"N301DU","LGA","MSY",159,1183,11,35,2023-09-20 11:00:00,"43721"
"135",2023,1,25,859,900,-1,1134,1150,-16,"DL",402,"N3772H","JFK","DEN",228,1626,9,0,2023-01-25 09:00:00,"3736"
"136",2023,7,6,2229,2030,119,2350,2214,96,"DL",370,"N113DQ","LGA","ORD",113,733,20,30,2023-07-06 20:00:00,"30852"
"137",2023,4,9,2023,1950,33,2316,2304,12,"DL",426,"N388DN","LGA","FLL",145,1076,19,50,2023-04-09 19:00:00,"16022"
"138",2023,8,13,1740,1741,-1,2030,2141,-71,"DL",214,"N525DA","JFK","SLC",274,1990,17,41,2023-08-13 17:00:00,"37305"
"139",2023,7,20,839,840,-1,1113,1110,3,"DL",151,"N529DT","JFK","ATL",108,760,8,40,2023-07-20 08:00:00,"33131"
"140",2023,8,2,1136,1135,1,1412,1441,-29,"DL",666,"N322NB","LGA","PBI",126,1035,11,35,2023-08-02 11:00:00,"35394"
"141",2023,1,27,826,830,-4,1135,1203,-28,"DL",243,"N113DQ","LGA","DFW",216,1389,8,30,2023-01-27 08:00:00,"4070"
"142",2023,7,5,959,1958,841,1224,2244,820,"DL",153,"N380DN","JFK","DEN",226,1626,19,58,2023-07-05 19:00:00,"30564"
"143",2023,5,29,927,930,-3,1137,1205,-28,"DL",166,"N339DN","LGA","ATL",94,762,9,30,2023-05-29 09:00:00,"24356"
"144",2023,4,8,1218,1228,-10,1443,1450,-7,"DL",280,"N974AT","EWR","ATL",122,746,12,28,2023-04-08 12:00:00,"15804"
"145",2023,3,13,1355,1359,-4,1606,1635,-29,"DL",172,"N399DA","JFK","DEN",220,1626,13,59,2023-03-13 13:00:00,"11490"
"146",2023,2,21,1158,1200,-2,1435,1434,1,"DL",296,"N852DN","JFK","ATL",124,760,12,0,2023-02-21 12:00:00,"8166"
"147",2023,10,24,801,805,-4,1040,1040,0,"DL",115,"N517DN","JFK","PHX",292,2153,8,5,2023-10-24 08:00:00,"49665"
"148",2023,12,26,1749,1700,49,1917,1857,20,"DL",903,"N136DQ","LGA","ORD",111,733,17,0,2023-12-26 17:00:00,"60721"
"149",2023,2,22,848,805,43,1204,1115,49,"DL",350,"N723TW","JFK","LAS",349,2248,8,5,2023-02-22 08:00:00,"8301"
"150",2023,8,4,800,800,0,1018,1038,-20,"DL",164,"N508DA","JFK","DEN",220,1626,8,0,2023-08-04 08:00:00,"35707"
"151",2023,1,28,1045,1045,0,1304,1308,-4,"DL",483,"N350NA","LGA","MSP",166,1020,10,45,2023-01-28 10:00:00,"4251"
"152",2023,6,22,1710,1531,99,2036,1849,107,"DL",595,"N378DN","LGA","FLL",173,1076,15,31,2023-06-22 15:00:00,"28509"
"153",2023,11,15,958,959,-1,1217,1245,-28,"DL",150,"N389DN","LGA","ATL",113,762,9,59,2023-11-15 09:00:00,"53555"
"154",2023,1,12,1911,1859,12,2207,2208,-1,"DL",501,"N394DX","LGA","PBI",151,1035,18,59,2023-01-12 18:00:00,"1725"
"155",2023,5,12,1459,1500,-1,1741,1758,-17,"DL",114,"N104DU","LGA","DFW",187,1389,15,0,2023-05-12 15:00:00,"21513"
"156",2023,7,24,1219,1231,-12,1354,1414,-20,"DL",695,"N932AT","EWR","DTW",78,488,12,31,2023-07-24 12:00:00,"33842"
"157",2023,10,24,1953,1959,-6,2301,2319,-18,"DL",579,"N108DN","JFK","FLL",132,1069,19,59,2023-10-24 19:00:00,"49788"
"158",2023,9,11,2057,2000,57,2326,2248,38,"DL",95,"N820DN","JFK","DEN",223,1626,20,0,2023-09-11 20:00:00,"42218"
"159",2023,12,17,1533,1540,-7,1856,1941,-45,"DL",281,"N727TW","JFK","SFO",343,2586,15,40,2023-12-17 15:00:00,"59166"
"160",2023,9,9,2109,1545,324,52,1859,353,"DL",886,"N325NB","JFK","AUS",206,1521,15,45,2023-09-09 15:00:00,"41875"
"161",2023,1,28,828,830,-2,1138,1203,-25,"DL",243,"N131DU","LGA","DFW",225,1389,8,30,2023-01-28 08:00:00,"4241"
"162",2023,4,27,1127,1135,-8,1420,1445,-25,"DL",608,"N3758Y","JFK","PBI",138,1028,11,35,2023-04-27 11:00:00,"18950"
"163",2023,2,23,1730,1730,0,2201,2040,NA,"DL",108,"N871DN","JFK","LAS",NA,2248,17,30,2023-02-23 17:00:00,"8545"
"164",2023,2,19,655,700,-5,959,1019,-20,"DL",247,"N130DU","JFK","DFW",227,1391,7,0,2023-02-19 07:00:00,"7761"
"165",2023,11,6,1453,1459,-6,1649,1709,-20,"DL",750,"N376NW","LGA","DTW",86,502,14,59,2023-11-06 14:00:00,"51988"
"166",2023,7,24,2023,1915,68,2325,2233,52,"DL",475,"N392DN","JFK","MCO",133,944,19,15,2023-07-24 19:00:00,"33925"
"167",2023,5,18,2057,2100,-3,2334,2357,-23,"DL",244,"N911DQ","JFK","LAS",290,2248,21,0,2023-05-18 21:00:00,"22609"
"168",2023,12,3,1158,1200,-2,1625,1645,-20,"DL",698,"N918DU","JFK","SJU",187,1598,12,0,2023-12-03 12:00:00,"56644"
"169",2023,8,19,1814,1815,-1,2042,2135,-53,"DL",697,"N349NW","JFK","AUS",184,1521,18,15,2023-08-19 18:00:00,"38350"
"170",2023,4,8,1422,1145,157,1647,1411,156,"DL",380,"N311DU","LGA","SAV",117,722,11,45,2023-04-08 11:00:00,"15813"
"171",2023,9,9,NA,2000,NA,NA,2236,NA,"DL",403,"N104DN","JFK","ATL",NA,760,20,0,2023-09-09 20:00:00,"41899"
"172",2023,10,15,2115,2100,15,2326,2339,-13,"DL",319,"N329DN","LGA","ATL",112,762,21,0,2023-10-15 21:00:00,"48217"
"173",2023,4,17,715,720,-5,1014,1030,-16,"DL",486,"N377NW","JFK","AUS",214,1521,7,20,2023-04-17 07:00:00,"17232"
"174",2023,11,26,1904,1900,4,2228,2225,3,"DL",512,"N538DN","JFK","SEA",322,2422,19,0,2023-11-26 19:00:00,"55472"
"175",2023,11,4,1250,1250,0,1434,1431,3,"DL",618,"N308DU","LGA","ORD",118,733,12,50,2023-11-04 12:00:00,"51635"
"176",2023,8,13,1936,1929,7,2157,2225,-28,"DL",337,"N871DN","JFK","ATL",110,760,19,29,2023-08-13 19:00:00,"37328"
"177",2023,1,6,1735,1700,35,1910,1906,4,"DL",479,"N343DN","LGA","DTW",78,502,17,0,2023-01-06 17:00:00,"765"
"178",2023,1,16,726,730,-4,1025,1055,-30,"DL",597,"N373NW","JFK","AUS",214,1521,7,30,2023-01-16 07:00:00,"2233"
"179",2023,7,29,NA,715,NA,NA,959,NA,"DL",460,"N317DN","LGA","MCO",NA,950,7,15,2023-07-29 07:00:00,"34786"
"180",2023,1,20,1348,1350,-2,1605,1631,-26,"DL",152,"N366NW","LGA","ATL",118,762,13,50,2023-01-20 13:00:00,"2976"
"181",2023,11,10,1826,1830,-4,2009,2012,-3,"DL",607,"N103DU","LGA","ORD",125,733,18,30,2023-11-10 18:00:00,"52764"
"182",2023,4,6,1822,1815,7,2027,2024,3,"DL",504,"N921AT","EWR","MSP",162,1008,18,15,2023-04-06 18:00:00,"15517"
"183",2023,12,29,806,735,31,1148,1057,51,"DL",813,"N381DZ","JFK","FLL",168,1069,7,35,2023-12-29 07:00:00,"61120"
"184",2023,1,1,823,815,8,1046,1102,-16,"DL",382,"N706TW","JFK","ATL",111,760,8,15,2023-01-01 08:00:00,"26"
"185",2023,10,26,651,650,1,1010,1016,-6,"DL",103,"N305DN","JFK","SLC",291,1990,6,50,2023-10-26 06:00:00,"49992"
"186",2023,7,7,1120,1119,1,1359,1428,-29,"DL",329,"N333NB","LGA","TPA",141,1010,11,19,2023-07-07 11:00:00,"30923"
"187",2023,2,28,553,600,-7,805,749,16,"DL",419,"N112DU","LGA","ORD",118,733,6,0,2023-02-28 06:00:00,"9260"
"188",2023,4,5,559,600,-1,830,832,-2,"DL",313,"N315DN","LGA","ATL",114,762,6,0,2023-04-05 06:00:00,"15224"
"189",2023,6,8,1359,1359,0,1617,1636,-19,"DL",175,"N116DN","LGA","ATL",106,762,13,59,2023-06-08 13:00:00,"26120"
"190",2023,11,11,1818,1820,-2,2013,2040,-27,"DL",297,"N370DN","LGA","MSP",153,1020,18,20,2023-11-11 18:00:00,"52929"
"191",2023,7,14,2138,1955,103,2353,2249,64,"DL",153,"N861DN","JFK","DEN",226,1626,19,55,2023-07-14 19:00:00,"32214"
"192",2023,8,17,1455,1440,15,1744,1743,1,"DL",380,"N373DX","LGA","MCO",146,950,14,40,2023-08-17 14:00:00,"37970"
"193",2023,11,19,709,710,-1,1018,1035,-17,"DL",309,"N525DA","JFK","SEA",325,2422,7,10,2023-11-19 07:00:00,"54220"
"194",2023,10,27,1831,1825,6,2156,2134,22,"DL",848,"N321US","JFK","AUS",208,1521,18,25,2023-10-27 18:00:00,"50304"
"195",2023,4,6,1649,1526,83,2008,1849,79,"DL",584,"N363DN","JFK","FLL",158,1069,15,26,2023-04-06 15:00:00,"15498"
"196",2023,9,1,2040,2045,-5,2245,2256,-11,"DL",451,"N333NB","LGA","MSY",163,1183,20,45,2023-09-01 20:00:00,"40591"
"197",2023,1,16,1052,1040,12,1302,1327,-25,"DL",124,"N360DN","LGA","ATL",106,762,10,40,2023-01-16 10:00:00,"2264"
"198",2023,12,18,1026,1029,-3,1243,1323,-40,"DL",293,"N357DN","LGA","ATL",115,762,10,29,2023-12-18 10:00:00,"59291"
"199",2023,7,11,732,735,-3,936,1000,-24,"DL",182,"N3758Y","LGA","DEN",212,1620,7,35,2023-07-11 07:00:00,"31551"
"200",2023,9,7,844,820,24,1121,1133,-12,"DL",334,"N531DA","JFK","SAN",303,2446,8,20,2023-09-07 08:00:00,"41450"
"201",2023,12,16,1158,1200,-2,1450,1456,-6,"DL",601,"N393DN","JFK","MCO",146,944,12,0,2023-12-16 12:00:00,"58977"
"202",2023,10,16,1847,1856,-9,2134,2155,-21,"DL",571,"N338DN","LGA","MCO",136,950,18,56,2023-10-16 18:00:00,"48366"
"203",2023,12,16,756,800,-4,1022,1032,-10,"DL",888,"N717JL","EWR","ATL",121,746,8,0,2023-12-16 08:00:00,"58933"
"204",2023,10,24,1956,1959,-3,2241,2313,-32,"DL",526,"N110DX","LGA","FLL",133,1076,19,59,2023-10-24 19:00:00,"49789"
"205",2023,4,29,1504,1459,5,1643,1705,-22,"DL",528,"N348NB","LGA","MSP",142,1020,14,59,2023-04-29 14:00:00,"19312"
"206",2023,8,23,1912,1859,13,2209,2231,-22,"DL",178,"N896DN","JFK","PDX",317,2454,18,59,2023-08-23 18:00:00,"39034"
"207",2023,11,27,758,800,-2,1029,1034,-5,"DL",908,"N355NB","JFK","MSY",187,1182,8,0,2023-11-27 08:00:00,"55543"
"208",2023,10,7,1903,1900,3,2340,2304,36,"DL",666,"N874DN","JFK","SJU",195,1598,19,0,2023-10-07 19:00:00,"46805"
"209",2023,2,7,1457,1459,-2,1659,1717,-18,"DL",426,"N371NB","LGA","MSP",155,1020,14,59,2023-02-07 14:00:00,"5897"
"210",2023,8,13,2127,2000,87,54,2341,73,"DL",88,"N803DN","JFK","SLC",279,1990,20,0,2023-08-13 20:00:00,"37349"
"211",2023,10,30,1000,1000,0,1330,1301,29,"DL",235,"N177DN","JFK","LAX",339,2475,10,0,2023-10-30 10:00:00,"50723"
"212",2023,12,3,2059,2055,4,5,2354,11,"DL",424,"N807DN","JFK","MCO",147,944,20,55,2023-12-03 20:00:00,"56738"
"213",2023,11,30,729,730,-1,1027,1045,-18,"DL",985,"N3743H","JFK","MIA",151,1089,7,30,2023-11-30 07:00:00,"56075"
"214",2023,11,30,654,704,-10,951,1009,-18,"DL",507,"N312US","LGA","TPA",145,1010,7,4,2023-11-30 07:00:00,"56058"
"215",2023,11,3,759,800,-1,1144,1145,-1,"DL",305,"N723TW","JFK","SFO",373,2586,8,0,2023-11-03 08:00:00,"51410"
"216",2023,10,20,1956,1955,1,2228,2232,-4,"DL",89,"N894DN","JFK","DEN",227,1626,19,55,2023-10-20 19:00:00,"49102"
"217",2023,7,7,614,620,-6,751,817,-26,"DL",795,"N954AT","EWR","MSP",143,1008,6,20,2023-07-07 06:00:00,"30862"
"218",2023,10,9,1229,1229,0,1525,1547,-22,"DL",537,"N105DX","LGA","FLL",159,1076,12,29,2023-10-09 12:00:00,"47081"
"219",2023,4,7,1707,1710,-3,1907,1915,-8,"DL",818,"N323US","LGA","DTW",89,502,17,10,2023-04-07 17:00:00,"15673"
"220",2023,9,29,1603,1502,61,1745,1657,48,"DL",757,"N603AT","EWR","MSP",136,1008,15,2,2023-09-29 15:00:00,"45345"
"221",2023,7,1,1839,1841,-2,2106,2123,-17,"DL",103,"N885DN","JFK","PHX",281,2153,18,41,2023-07-01 18:00:00,"30039"
"222",2023,6,2,1821,1825,-4,2048,2111,-23,"DL",866,"N119DU","JFK","JAX",116,828,18,25,2023-06-02 18:00:00,"25156"
"223",2023,10,12,1304,1300,4,1526,1519,7,"DL",787,"N371DA","EWR","ATL",112,746,13,0,2023-10-12 13:00:00,"47628"
"224",2023,6,13,701,700,1,927,1000,-33,"DL",201,"N174DN","JFK","LAX",297,2475,7,0,2023-06-13 07:00:00,"26886"
"225",2023,4,1,906,900,6,1221,1220,1,"DL",583,"N116DU","LGA","IAH",228,1416,9,0,2023-04-01 09:00:00,"14608"
"226",2023,6,7,1337,1340,-3,1759,1740,19,"DL",759,"N902DN","JFK","SJU",222,1598,13,40,2023-06-07 13:00:00,"25945"
"227",2023,12,7,757,800,-3,1003,1049,-46,"DL",320,"N382DN","LGA","ATL",103,762,8,0,2023-12-07 08:00:00,"57327"
"228",2023,4,19,1523,1523,0,1816,1844,-28,"DL",535,"N109DN","LGA","FLL",140,1076,15,23,2023-04-19 15:00:00,"17654"
"229",2023,6,23,1254,1259,-5,1525,1531,-6,"DL",134,"N302DN","LGA","ATL",112,762,12,59,2023-06-23 12:00:00,"28645"
"230",2023,3,11,822,735,47,1050,1037,13,"DL",597,"N385DN","JFK","TPA",136,1005,7,35,2023-03-11 07:00:00,"11139"
"231",2023,9,16,1757,1759,-2,2050,2051,-1,"DL",202,"N104DU","JFK","DFW",202,1391,17,59,2023-09-16 17:00:00,"43086"
"232",2023,2,7,1530,1529,1,1835,1849,-14,"DL",415,"N385DZ","LGA","MIA",147,1096,15,29,2023-02-07 15:00:00,"5903"
"233",2023,9,5,648,650,-2,929,1015,-46,"DL",113,"N120DN","JFK","SLC",262,1990,6,50,2023-09-05 06:00:00,"41068"
"234",2023,12,6,2001,2000,1,2229,2247,-18,"DL",312,"N308DN","LGA","ATL",101,762,20,0,2023-12-06 20:00:00,"57274"
"235",2023,12,15,700,700,0,1017,1025,-8,"DL",331,"N316DU","EWR","SLC",261,1969,7,0,2023-12-15 07:00:00,"58737"
"236",2023,7,30,1912,1915,-3,2139,2214,-35,"DL",526,"N131DU","LGA","IAH",181,1416,19,15,2023-07-30 19:00:00,"34933"
"237",2023,12,10,1417,1415,2,1554,1602,-8,"DL",771,"N134DU","LGA","ORD",121,733,14,15,2023-12-10 14:00:00,"57900"
"238",2023,11,28,1634,1610,24,1946,1956,-10,"DL",344,"N531DA","JFK","PHX",285,2153,16,10,2023-11-28 16:00:00,"55810"
"239",2023,9,19,1041,1051,-10,1328,1357,-29,"DL",373,"N318DU","LGA","TPA",148,1010,10,51,2023-09-19 10:00:00,"43532"
"240",2023,11,22,2002,1959,3,2206,2227,-21,"DL",926,"N846DN","EWR","ATL",102,746,19,59,2023-11-22 19:00:00,"54909"
"241",2023,3,3,1149,1130,19,1337,1320,17,"DL",603,"N123DQ","LGA","ORD",124,733,11,30,2023-03-03 11:00:00,"9847"
"242",2023,10,17,1454,1455,-1,1657,1726,-29,"DL",992,"N171DZ","JFK","ATL",101,760,14,55,2023-10-17 14:00:00,"48503"
"243",2023,8,2,2008,1959,9,2313,2329,-16,"DL",665,"N869DN","JFK","MIA",130,1089,19,59,2023-08-02 19:00:00,"35477"
"244",2023,5,20,1939,1900,39,2147,2148,-1,"DL",116,"N863DN","JFK","PHX",285,2153,19,0,2023-05-20 19:00:00,"22924"
"245",2023,2,10,1651,1655,-4,1851,1952,-61,"DL",880,"N3751B","LGA","DEN",222,1620,16,55,2023-02-10 16:00:00,"6422"
"246",2023,5,24,1428,1429,-1,1640,1700,-20,"DL",138,"N331DN","LGA","ATL",107,762,14,29,2023-05-24 14:00:00,"23562"
"247",2023,10,25,730,735,-5,1008,1041,-33,"DL",982,"N775DE","JFK","MIA",135,1089,7,35,2023-10-25 07:00:00,"49836"
"248",2023,6,18,812,815,-3,1121,1121,0,"DL",363,"N727TW","JFK","SAN",333,2446,8,15,2023-06-18 08:00:00,"27737"
"249",2023,7,25,557,600,-3,816,820,-4,"DL",258,"N111DC","LGA","ATL",110,762,6,0,2023-07-25 06:00:00,"33951"
"250",2023,5,23,1311,1259,12,1453,1459,-6,"DL",766,"N365NB","LGA","DTW",76,502,12,59,2023-05-23 12:00:00,"23383"
"251",2023,11,25,1936,1935,1,2224,2246,-22,"DL",1007,"N517DN","JFK","MCO",139,944,19,35,2023-11-25 19:00:00,"55295"
"252",2023,4,12,1949,2000,-11,2127,2211,-44,"DL",726,"N326NB","LGA","DTW",75,502,20,0,2023-04-12 20:00:00,"16532"
"253",2023,1,20,1459,1500,-1,1835,1854,-19,"DL",417,"N920DU","JFK","PHX",314,2153,15,0,2023-01-20 15:00:00,"2983"
"254",2023,5,30,736,745,-9,1018,1052,-34,"DL",319,"N386DA","JFK","RSW",145,1074,7,45,2023-05-30 07:00:00,"24517"
"255",2023,7,2,1001,959,2,1206,1235,-29,"DL",144,"N107DN","LGA","ATL",103,762,9,59,2023-07-02 09:00:00,"30118"
"256",2023,12,29,1509,1510,-1,1747,1837,-50,"DL",349,"N846DN","JFK","SLC",256,1990,15,10,2023-12-29 15:00:00,"61185"
"257",2023,4,30,750,754,-4,927,958,-31,"DL",907,"N348NW","LGA","MSP",135,1020,7,54,2023-04-30 07:00:00,"19391"
"258",2023,6,7,2117,2100,17,2219,2216,3,"DL",441,"N142DU","LGA","BOS",38,184,21,0,2023-06-07 21:00:00,"26022"
"259",2023,10,22,655,705,-10,928,1000,-32,"DL",327,"N360NW","LGA","PBI",136,1035,7,5,2023-10-22 07:00:00,"49282"
"260",2023,6,14,2001,1630,211,2127,1817,190,"DL",637,"N138DU","LGA","ORD",110,733,16,30,2023-06-14 16:00:00,"27176"
"261",2023,11,5,823,830,-7,1123,1200,-37,"DL",340,"N528DE","JFK","SAN",304,2446,8,30,2023-11-05 08:00:00,"51748"
"262",2023,8,25,1515,1501,14,1801,1810,-9,"DL",487,"N302NB","LGA","TPA",135,1010,15,1,2023-08-25 15:00:00,"39338"
"263",2023,2,15,1348,1355,-7,1524,1545,-21,"DL",409,"N121DU","LGA","RDU",75,431,13,55,2023-02-15 13:00:00,"7179"
"264",2023,6,18,1512,1515,-3,1800,1815,-15,"DL",225,"N125DU","LGA","DFW",191,1389,15,15,2023-06-18 15:00:00,"27795"
"265",2023,10,13,556,602,-6,802,808,-6,"DL",961,"N932AT","EWR","MSP",166,1008,6,2,2023-10-13 06:00:00,"47723"
"266",2023,4,3,1458,1500,-2,1749,1816,-27,"DL",117,"N135DQ","LGA","DFW",202,1389,15,0,2023-04-03 15:00:00,"14960"
"267",2023,2,10,1239,1115,84,1551,1433,78,"DL",875,"N320DN","LGA","FLL",158,1076,11,15,2023-02-10 11:00:00,"6384"
"268",2023,7,3,1131,1124,7,1417,1436,-19,"DL",511,"N373DA","LGA","MIA",145,1096,11,24,2023-07-03 11:00:00,"30293"
"269",2023,2,16,1057,1100,-3,1335,1400,-25,"DL",570,"N332DN","JFK","MCO",137,944,11,0,2023-02-16 11:00:00,"7321"
"270",2023,7,10,656,700,-4,953,1007,-14,"DL",373,"N383DN","JFK","RSW",151,1074,7,0,2023-07-10 07:00:00,"31354"
"271",2023,2,27,1110,1110,0,1405,1420,-15,"DL",507,"N309DN","JFK","MIA",147,1089,11,10,2023-02-27 11:00:00,"9146"
"272",2023,11,22,704,704,0,1027,1009,18,"DL",507,"N319US","LGA","TPA",163,1010,7,4,2023-11-22 07:00:00,"54759"
"273",2023,4,3,2011,1940,31,2310,2309,1,"DL",571,"N385DZ","JFK","FLL",143,1069,19,40,2023-04-03 19:00:00,"15015"
"274",2023,7,24,1201,1204,-3,1406,1416,-10,"DL",766,"N37700","EWR","ATL",105,746,12,4,2023-07-24 12:00:00,"33840"
"275",2023,7,17,710,715,-5,922,929,-7,"DL",642,"N377DA","EWR","ATL",107,746,7,15,2023-07-17 07:00:00,"32573"
"276",2023,9,11,953,955,-2,1223,1244,-21,"DL",294,"N117DX","JFK","MCO",132,944,9,55,2023-09-11 09:00:00,"42131"
"277",2023,9,12,1804,1815,-11,1939,1953,-14,"DL",343,"N101DU","LGA","ORD",111,733,18,15,2023-09-12 18:00:00,"42384"
"278",2023,2,6,1127,1130,-3,1327,1320,7,"DL",584,"N141DU","LGA","ORD",119,733,11,30,2023-02-06 11:00:00,"5703"
"279",2023,4,16,1152,1146,6,1316,1350,-34,"DL",274,"N951AT","EWR","MSP",128,1008,11,46,2023-04-16 11:00:00,"17102"
"280",2023,5,5,2006,2010,-4,2230,2250,-20,"DL",326,"N394DX","LGA","ATL",107,762,20,10,2023-05-05 20:00:00,"20378"
"281",2023,5,23,2114,2115,-1,2241,2256,-15,"DL",853,"N143DU","JFK","BUF",50,301,21,15,2023-05-23 21:00:00,"23463"
"282",2023,10,3,1856,1815,41,2017,1953,24,"DL",607,"N126DU","LGA","ORD",104,733,18,15,2023-10-03 18:00:00,"46088"
"283",2023,9,24,1024,1030,-6,1223,1246,-23,"DL",824,"N378DA","EWR","ATL",98,746,10,30,2023-09-24 10:00:00,"44397"
"284",2023,6,29,1715,1710,5,1933,2006,-33,"DL",263,"N529DT","JFK","LAS",299,2248,17,10,2023-06-29 17:00:00,"29693"
"285",2023,4,2,559,600,-1,808,824,-16,"DL",751,"N955AT","EWR","ATL",110,746,6,0,2023-04-02 06:00:00,"14716"
"286",2023,7,26,1753,1759,-6,2010,2104,-54,"DL",96,"N122DU","JFK","DFW",171,1391,17,59,2023-07-26 17:00:00,"34244"
"287",2023,1,14,911,900,11,1515,1525,-10,"DL",101,"N845MH","JFK","HNL",617,4983,9,0,2023-01-14 09:00:00,"1969"
"288",2023,8,8,1658,1700,-2,1944,2010,-26,"DL",83,"N825MH","JFK","LAX",311,2475,17,0,2023-08-08 17:00:00,"36455"
"289",2023,11,9,702,705,-3,958,1018,-20,"DL",948,"N3773D","LGA","MIA",144,1096,7,5,2023-11-09 07:00:00,"52451"
"290",2023,11,6,1400,1359,1,1614,1638,-24,"DL",169,"N307DX","LGA","ATL",113,762,13,59,2023-11-06 13:00:00,"51985"
"291",2023,5,22,1824,1825,-1,2054,2111,-17,"DL",813,"N143DU","JFK","JAX",120,828,18,25,2023-05-22 18:00:00,"23251"
"292",2023,6,25,1002,1005,-3,1234,1308,-34,"DL",440,"N113DQ","LGA","IAH",174,1416,10,5,2023-06-25 10:00:00,"28931"
"293",2023,1,17,657,705,-8,920,936,-16,"DL",841,"N3735D","EWR","ATL",114,746,7,5,2023-01-17 07:00:00,"2393"
"294",2023,6,25,1230,1236,-6,1403,1425,-22,"DL",889,"N979AT","EWR","DTW",72,488,12,36,2023-06-25 12:00:00,"28955"
"295",2023,6,5,729,735,-6,1016,1047,-31,"DL",704,"N391DN","JFK","FLL",138,1069,7,35,2023-06-05 07:00:00,"25539"
"296",2023,2,25,1159,1200,-1,1450,1515,-25,"DL",311,"N332NW","LGA","TPA",146,1010,12,0,2023-02-25 12:00:00,"8845"
"297",2023,2,21,1632,1635,-3,1905,1916,-11,"DL",748,"N104DU","JFK","MSY",181,1182,16,35,2023-02-21 16:00:00,"8202"
"298",2023,5,11,1904,1912,-8,2140,2222,-42,"DL",428,"N325NB","LGA","PBI",134,1035,19,12,2023-05-11 19:00:00,"21376"
"299",2023,4,23,1105,1107,-2,1403,1418,-15,"DL",478,"N311DN","JFK","MIA",153,1089,11,7,2023-04-23 11:00:00,"18248"
"300",2023,6,13,2047,2016,31,2231,2215,16,"DL",1046,"N894AT","EWR","DTW",82,488,20,16,2023-06-13 20:00:00,"27027"
"301",2023,4,10,1040,1041,-1,1231,1250,-19,"UA",339,"N39726","EWR","CHS",89,628,10,41,2023-04-10 10:00:00,"22405"
"302",2023,8,16,1042,1053,-11,1225,1239,-14,"UA",338,"N15710","EWR","RDU",66,416,10,53,2023-08-16 10:00:00,"50728"
"303",2023,12,11,1055,1059,-4,1408,1415,-7,"UA",758,"N12754","EWR","AUS",223,1504,10,59,2023-12-11 10:00:00,"75556"
"304",2023,10,17,1731,1734,-3,1938,1940,-2,"UA",75,"N69829","EWR","CLT",88,529,17,34,2023-10-17 17:00:00,"64142"
"305",2023,8,29,1257,1300,-3,1533,1555,-22,"UA",540,"N76515","EWR","SNA",312,2434,13,0,2023-08-29 13:00:00,"53462"
"306",2023,8,18,704,705,-1,907,932,-25,"UA",357,"N17262","EWR","PHX",264,2133,7,5,2023-08-18 07:00:00,"51108"
"307",2023,6,14,1646,1529,77,2007,1835,92,"UA",569,"N461UA","EWR","FLL",159,1065,15,29,2023-06-14 15:00:00,"37074"
"308",2023,6,2,555,600,-5,829,854,-25,"UA",929,"N12109","EWR","LAX",299,2454,6,0,2023-06-02 06:00:00,"34324"
"309",2023,6,2,NA,1807,NA,NA,2109,NA,"UA",592,NA,"EWR","PDX",NA,2434,18,7,2023-06-02 18:00:00,"34531"
"310",2023,7,27,1538,1529,9,1701,1704,-3,"UA",569,"N76533","EWR","ORD",110,719,15,29,2023-07-27 15:00:00,"46515"
"311",2023,7,26,1645,1635,10,1902,1903,-1,"UA",402,"N854UA","EWR","JAX",111,820,16,35,2023-07-26 16:00:00,"46292"
"312",2023,1,25,759,759,0,939,945,-6,"UA",1030,"N844UA","EWR","RDU",76,416,7,59,2023-01-25 07:00:00,"5245"
"313",2023,3,30,1758,1759,-1,2005,1940,25,"UA",806,"N836UA","LGA","ORD",133,733,17,59,2023-03-30 17:00:00,"20001"
"314",2023,3,17,2048,2047,1,2322,2318,4,"UA",641,"N27477","EWR","ATL",121,746,20,47,2023-03-17 20:00:00,"17029"
"315",2023,4,3,753,755,-2,1041,1055,-14,"UA",264,"N873UA","EWR","IAH",202,1400,7,55,2023-04-03 07:00:00,"20775"
"316",2023,5,10,NA,1700,NA,NA,2021,NA,"UA",763,NA,"EWR","SFO",NA,2565,17,0,2023-05-10 17:00:00,"29425"
"317",2023,7,18,656,700,-4,801,818,-17,"UA",137,"N69839","EWR","BOS",43,200,7,0,2023-07-18 07:00:00,"44391"
"318",2023,5,29,511,523,-12,729,820,-51,"UA",177,"N17262","EWR","IAH",177,1400,5,23,2023-05-29 05:00:00,"33415"
"319",2023,7,19,554,600,-6,700,708,-8,"UA",425,"N17272","EWR","BOS",42,200,6,0,2023-07-19 06:00:00,"44600"
"320",2023,12,4,1707,1643,24,1919,1853,26,"UA",497,"N27251","EWR","CHS",104,628,16,43,2023-12-04 16:00:00,"74174"
"321",2023,11,2,1131,1129,2,1420,1431,-11,"UA",245,"N37468","EWR","PBI",145,1023,11,29,2023-11-02 11:00:00,"67593"
"322",2023,11,18,2106,2110,-4,2338,6,-28,"UA",492,"N58101","EWR","MCO",131,937,21,10,2023-11-18 21:00:00,"71002"
"323",2023,8,14,700,710,-10,929,1003,-34,"UA",529,"N17310","EWR","PDX",306,2434,7,10,2023-08-14 07:00:00,"50250"
"324",2023,9,18,2130,2044,46,32,2344,48,"UA",902,"N61882","EWR","TPA",146,997,20,44,2023-09-18 20:00:00,"57804"
"325",2023,7,13,2012,1933,39,1,2237,84,"UA",524,"N57299","EWR","SMF",332,2500,19,33,2023-07-13 19:00:00,"43477"
"326",2023,8,19,941,946,-5,1148,1200,-12,"UA",698,"N33262","LGA","DEN",204,1620,9,46,2023-08-19 09:00:00,"51352"
"327",2023,1,11,1939,1633,186,2302,1950,192,"UA",860,"N24224","EWR","RSW",149,1068,16,33,2023-01-11 16:00:00,"2309"
"328",2023,9,24,1622,1527,55,1855,1812,43,"UA",547,"N27266","EWR","MCO",125,937,15,27,2023-09-24 15:00:00,"59025"
"329",2023,12,9,1259,1200,59,1535,1519,16,"UA",765,"N18112","EWR","LAX",302,2454,12,0,2023-12-09 12:00:00,"75174"
"330",2023,8,9,1928,1933,-5,2231,2237,-6,"UA",502,"N17265","EWR","SMF",323,2500,19,33,2023-08-09 19:00:00,"49381"
"331",2023,11,13,555,600,-5,732,740,-8,"UA",866,"N18119","EWR","ORD",119,719,6,0,2023-11-13 06:00:00,"69777"
"332",2023,2,12,1537,1430,67,1823,1732,51,"UA",850,"N784UA","EWR","LAX",303,2454,14,30,2023-02-12 14:00:00,"9378"
"333",2023,6,28,NA,1924,NA,NA,2215,NA,"UA",543,NA,"EWR","MCO",NA,937,19,24,2023-06-28 19:00:00,"40165"
"334",2023,4,15,859,848,11,1228,1153,35,"UA",397,"N62889","EWR","FLL",151,1065,8,48,2023-04-15 08:00:00,"23560"
"335",2023,1,4,814,815,-1,1116,1127,-11,"UA",617,"N27015","EWR","LAX",327,2454,8,15,2023-01-04 08:00:00,"689"
"336",2023,10,4,2004,2001,3,2216,2224,-8,"UA",261,"N48127","EWR","PHX",290,2133,20,1,2023-10-04 20:00:00,"61288"
"337",2023,5,20,NA,1412,NA,NA,1700,NA,"UA",384,NA,"EWR","MCO",NA,937,14,12,2023-05-20 14:00:00,"31650"
"338",2023,8,7,1415,1405,10,1531,1544,-13,"UA",54,"N87527","LGA","ORD",104,733,14,5,2023-08-07 14:00:00,"48883"
"339",2023,12,2,657,700,-3,1129,1204,-35,"UA",546,"N27263","EWR","STT",187,1634,7,0,2023-12-02 07:00:00,"73656"
"340",2023,12,6,1050,1041,9,1328,1344,-16,"UA",242,"N37313","EWR","TPA",136,997,10,41,2023-12-06 10:00:00,"74529"
"341",2023,12,8,1732,1729,3,2030,2032,-2,"UA",732,"N69813","EWR","SRQ",146,1034,17,29,2023-12-08 17:00:00,"75029"
"342",2023,10,26,911,914,-3,1120,1125,-5,"UA",652,"N27734","EWR","MCI",153,1092,9,14,2023-10-26 09:00:00,"66040"
"343",2023,7,14,NA,1805,NA,NA,2056,NA,"UA",339,NA,"EWR","JAC",NA,1874,18,5,2023-07-14 18:00:00,"43730"
"344",2023,10,3,719,729,-10,924,955,-31,"UA",401,"N21108","EWR","PHX",285,2133,7,29,2023-10-03 07:00:00,"60892"
"345",2023,9,25,1942,1825,77,2105,2001,64,"UA",714,"N76502","LGA","ORD",106,733,18,25,2023-09-25 18:00:00,"59281"
"346",2023,3,27,2042,2029,13,2304,2300,4,"UA",581,"N27509","EWR","DEN",236,1605,20,29,2023-03-27 20:00:00,"19325"
"347",2023,2,18,2319,2213,66,27,2330,57,"UA",488,"N86534","EWR","ROC",42,246,22,13,2023-02-18 22:00:00,"10811"
"348",2023,8,9,1654,1530,84,2012,1833,99,"UA",405,"N34131","EWR","LAX",332,2454,15,30,2023-08-09 15:00:00,"49349"
"349",2023,7,27,2020,1954,26,2357,2353,4,"UA",197,"N69840","EWR","BQN",195,1585,19,54,2023-07-27 19:00:00,"46558"
"350",2023,12,7,1723,1729,-6,2003,2032,-29,"UA",732,"N433UA","EWR","SRQ",143,1034,17,29,2023-12-07 17:00:00,"74814"
"351",2023,10,11,1856,1825,31,2107,2050,17,"UA",551,"N21108","EWR","DEN",219,1605,18,25,2023-10-11 18:00:00,"62824"
"352",2023,10,23,616,620,-4,824,841,-17,"UA",736,"N27252","LGA","DEN",220,1620,6,20,2023-10-23 06:00:00,"65312"
"353",2023,7,27,628,1945,643,815,2212,603,"UA",603,"N66808","EWR","DEN",207,1605,19,45,2023-07-27 19:00:00,"46394"
"354",2023,9,29,626,630,-4,857,920,-23,"UA",819,"N77520","EWR","DFW",182,1372,6,30,2023-09-29 06:00:00,"59990"
"355",2023,7,18,1924,1907,17,2233,2222,11,"UA",623,"N17316","EWR","SEA",328,2402,19,7,2023-07-18 19:00:00,"44523"
"356",2023,11,8,1139,1142,-3,1315,1315,0,"UA",358,"N33203","EWR","ORD",121,719,11,42,2023-11-08 11:00:00,"68835"
"357",2023,4,25,756,800,-4,1034,1105,-31,"UA",768,"N794UA","EWR","LAX",303,2454,8,0,2023-04-25 08:00:00,"25798"
"358",2023,10,22,1909,1915,-6,2216,2224,-8,"UA",470,"N17301","EWR","SEA",332,2402,19,15,2023-10-22 19:00:00,"65259"
"359",2023,5,19,1505,1457,8,1644,1641,3,"UA",572,"N872UA","EWR","RDU",72,416,14,57,2023-05-19 14:00:00,"31351"
"360",2023,5,5,655,700,-5,910,911,-1,"UA",866,"N482UA","EWR","MSY",171,1167,7,0,2023-05-05 07:00:00,"28081"
"361",2023,3,19,724,730,-6,959,1012,-13,"UA",513,"N896UA","LGA","DEN",225,1620,7,30,2023-03-19 07:00:00,"17284"
"362",2023,7,16,820,630,110,1123,924,119,"UA",727,"N19130","EWR","LAX",308,2454,6,30,2023-07-16 06:00:00,"43956"
"363",2023,12,23,1155,1159,-4,1437,1512,-35,"UA",621,"N17316","EWR","SAN",320,2425,11,59,2023-12-23 11:00:00,"78043"
"364",2023,7,22,1300,1305,-5,1416,1442,-26,"UA",517,"N884UA","LGA","ORD",114,733,13,5,2023-07-22 13:00:00,"45372"
"365",2023,1,22,557,600,-3,703,719,-16,"UA",509,"N12238","EWR","IAD",49,212,6,0,2023-01-22 06:00:00,"4536"
"366",2023,6,12,1308,1310,-2,1510,1534,-24,"UA",134,"N39461","EWR","LAS",278,2227,13,10,2023-06-12 13:00:00,"36577"
"367",2023,10,11,654,700,-6,804,815,-11,"UA",468,"N77573","EWR","BOS",40,200,7,0,2023-10-11 07:00:00,"62659"
"368",2023,6,27,NA,1753,NA,NA,2049,NA,"UA",655,NA,"EWR","TPA",NA,997,17,53,2023-06-27 17:00:00,"39888"
"369",2023,7,6,2159,2058,61,30,2344,46,"UA",655,"N17294","EWR","DFW",182,1372,20,58,2023-07-06 20:00:00,"41947"
"370",2023,11,29,800,804,-4,1056,1117,-21,"UA",659,"N17139","EWR","FLL",152,1065,8,4,2023-11-29 08:00:00,"73039"
"371",2023,8,14,710,715,-5,842,908,-26,"UA",384,"N27283","EWR","CLT",73,529,7,15,2023-08-14 07:00:00,"50253"
"372",2023,12,12,1126,1129,-3,1418,1431,-13,"UA",240,"N36472","EWR","PBI",150,1023,11,29,2023-12-12 11:00:00,"75779"
"373",2023,7,17,640,630,10,938,918,20,"UA",362,"N4901U","EWR","SRQ",158,1034,6,30,2023-07-17 06:00:00,"44156"
"374",2023,8,10,1254,1300,-6,1619,1601,18,"UA",87,"N479UA","EWR","RSW",181,1068,13,0,2023-08-10 13:00:00,"49516"
"375",2023,4,8,1635,1630,5,1840,1901,-21,"UA",762,"N769UA","EWR","LAS",285,2227,16,30,2023-04-08 16:00:00,"22031"
"376",2023,8,18,1225,1234,-9,1507,1534,-27,"UA",642,"N818UA","EWR","SAT",203,1569,12,34,2023-08-18 12:00:00,"51178"
"377",2023,4,1,1157,1044,73,1433,1254,99,"UA",807,"N27263","EWR","MSY",180,1167,10,44,2023-04-01 10:00:00,"20399"
"378",2023,10,29,827,829,-2,1118,1130,-12,"UA",447,"N33132","EWR","MCO",135,937,8,29,2023-10-29 08:00:00,"66687"
"379",2023,9,13,1041,959,42,1332,1307,25,"UA",620,"N57299","EWR","RSW",150,1068,9,59,2023-09-13 09:00:00,"56607"
"380",2023,2,3,1343,1311,32,1721,1626,55,"UA",190,"N876UA","EWR","AUS",220,1504,13,11,2023-02-03 13:00:00,"7359"
"381",2023,8,13,2120,2127,-7,2317,2301,16,"UA",685,"N815UA","EWR","MSN",119,799,21,27,2023-08-13 21:00:00,"50212"
"382",2023,5,29,947,951,-4,1137,1203,-26,"UA",546,"N77536","EWR","CHS",87,628,9,51,2023-05-29 09:00:00,"33472"
"383",2023,4,3,657,656,1,940,945,-5,"UA",726,"N446UA","EWR","DFW",195,1372,6,56,2023-04-03 06:00:00,"20760"
"384",2023,9,2,1750,1805,-15,2030,2056,-26,"UA",389,"N14735","EWR","JAC",252,1874,18,5,2023-09-02 18:00:00,"54360"
"385",2023,11,26,2051,2059,-8,2238,2238,0,"UA",845,"N879UA","EWR","MSN",124,799,20,59,2023-11-26 20:00:00,"72541"
"386",2023,2,10,1753,1800,-7,1943,1941,2,"UA",671,"N873UA","EWR","STL",138,872,18,0,2023-02-10 18:00:00,"8991"
"387",2023,10,18,1303,1305,-2,1516,1541,-25,"UA",109,"N17322","EWR","LAS",288,2227,13,5,2023-10-18 13:00:00,"64304"
"388",2023,2,1,1427,1435,-8,1520,1553,-33,"UA",473,"N73259","EWR","BOS",35,200,14,35,2023-02-01 14:00:00,"6900"
"389",2023,7,2,1146,1152,-6,1254,1309,-15,"UA",249,"N37504","EWR","BOS",46,200,11,52,2023-07-02 11:00:00,"40934"
"390",2023,4,6,1658,1700,-2,2050,2021,29,"UA",143,"N782UA","EWR","SFO",366,2565,17,0,2023-04-06 17:00:00,"21592"
"391",2023,5,17,2341,2059,162,201,2335,146,"UA",696,"N893UA","EWR","JAX",115,820,20,59,2023-05-17 20:00:00,"31000"
"392",2023,5,16,1258,1309,-11,1441,1510,-29,"UA",295,"N66893","EWR","MSP",144,1008,13,9,2023-05-16 13:00:00,"30648"
"393",2023,12,25,659,700,-1,958,1007,-9,"UA",417,"N892UA","EWR","SRQ",150,1034,7,0,2023-12-25 07:00:00,"78346"
"394",2023,3,19,1522,1529,-7,1658,1713,-15,"UA",685,"N17730","EWR","CLE",69,404,15,29,2023-03-19 15:00:00,"17383"
"395",2023,5,14,1358,1359,-1,1616,1624,-8,"UA",500,"N441UA","EWR","JAX",110,820,13,59,2023-05-14 13:00:00,"30200"
"396",2023,4,4,2137,2112,25,2347,2359,-12,"UA",776,"N66897","EWR","MCO",112,937,21,12,2023-04-04 21:00:00,"21189"
"397",2023,3,15,2200,2115,45,2352,2326,26,"UA",478,"N445UA","EWR","CVG",87,569,21,15,2023-03-15 21:00:00,"16558"
"398",2023,6,9,1418,1418,0,1610,1610,0,"UA",524,"N14235","EWR","MSP",140,1008,14,18,2023-06-09 14:00:00,"35964"
"399",2023,6,5,1050,1050,0,1241,1304,-23,"UA",466,"N76505","EWR","PHX",273,2133,10,50,2023-06-05 10:00:00,"35008"
"400",2023,5,1,837,810,27,1304,1318,-14,"UA",127,"N76054","EWR","HNL",601,4962,8,10,2023-05-01 08:00:00,"27161"
"401",2023,3,25,1647,1659,-12,1812,1841,-29,"UA",873,"N14237","LGA","ORD",112,733,16,59,2023-03-25 16:00:00,"18825"
"402",2023,6,12,655,700,-5,929,939,-10,"UA",533,"N69888","EWR","IAH",189,1400,7,0,2023-06-12 07:00:00,"36495"
"403",2023,5,23,1404,1359,5,1725,1655,30,"UA",594,"N17254","EWR","IAH",204,1400,13,59,2023-05-23 13:00:00,"32206"
"404",2023,10,1,1827,1800,27,2106,2055,11,"UA",459,"N37437","EWR","SRQ",138,1034,18,0,2023-10-01 18:00:00,"60582"
"405",2023,11,27,1430,1435,-5,1623,1621,2,"UA",653,"N17264","EWR","RDU",69,416,14,35,2023-11-27 14:00:00,"72683"
"406",2023,3,27,2249,2059,110,102,2312,110,"UA",522,"N435UA","EWR","CVG",104,569,20,59,2023-03-27 20:00:00,"19351"
"407",2023,11,1,2054,2030,24,2337,2338,-1,"UA",455,"N27258","EWR","IAH",193,1400,20,30,2023-11-01 20:00:00,"67494"
"408",2023,10,26,655,700,-5,940,1005,-25,"UA",876,"N11206","EWR","MIA",136,1085,7,0,2023-10-26 07:00:00,"66006"
"409",2023,2,17,831,829,2,1203,1147,16,"UA",693,"N53441","EWR","AUS",234,1504,8,29,2023-02-17 08:00:00,"10441"
"410",2023,11,30,732,739,-7,941,1005,-24,"UA",880,"N35260","EWR","MSY",171,1167,7,39,2023-11-30 07:00:00,"73239"
"411",2023,2,7,1849,1859,-10,2128,2159,-31,"UA",206,"N27252","EWR","MCO",129,937,18,59,2023-02-07 18:00:00,"8308"
"412",2023,10,3,1218,1215,3,1414,1436,-22,"UA",690,"N11206","LGA","DEN",215,1620,12,15,2023-10-03 12:00:00,"60962"
"413",2023,12,30,1550,1542,8,1843,1857,-14,"UA",716,"N17329","EWR","RSW",151,1068,15,42,2023-12-30 15:00:00,"79389"
"414",2023,3,28,841,847,-6,1209,1204,5,"UA",500,"N17296","EWR","AUS",221,1504,8,47,2023-03-28 08:00:00,"19410"
"415",2023,2,17,1127,1130,-3,1245,1308,-23,"UA",562,"N33284","EWR","ORD",114,719,11,30,2023-02-17 11:00:00,"10481"
"416",2023,1,8,1200,1207,-7,1455,1528,-33,"UA",232,"N87512","EWR","SNA",331,2434,12,7,2023-01-08 12:00:00,"1566"
"417",2023,9,9,729,730,-1,907,932,-25,"UA",461,"N17312","EWR","CLT",75,529,7,30,2023-09-09 07:00:00,"55712"
"418",2023,3,19,1633,1615,18,1745,1728,17,"UA",143,"N404UA","EWR","BOS",45,200,16,15,2023-03-19 16:00:00,"17396"
"419",2023,7,6,1422,1402,20,1607,1535,32,"UA",657,"N896UA","EWR","STL",122,872,14,2,2023-07-06 14:00:00,"41850"
"420",2023,2,10,935,940,-5,1409,1444,-35,"UA",583,"N39450","EWR","SJU",195,1608,9,40,2023-02-10 09:00:00,"8886"
"421",2023,12,12,1718,1728,-10,2019,2030,-11,"UA",858,"N78285","EWR","PBI",153,1023,17,28,2023-12-12 17:00:00,"75845"
"422",2023,7,28,1336,1329,7,1614,1621,-7,"UA",544,"N27290","EWR","AUS",193,1504,13,29,2023-07-28 13:00:00,"46711"
"423",2023,6,20,553,600,-7,650,707,-17,"UA",388,"N14735","EWR","BOS",37,200,6,0,2023-06-20 06:00:00,"38224"
"424",2023,1,16,623,630,-7,832,904,-32,"UA",271,"N891UA","EWR","ATL",109,746,6,30,2023-01-16 06:00:00,"3231"
"425",2023,10,6,1545,1554,-9,1830,1853,-23,"UA",596,"N77575","EWR","TPA",141,997,15,54,2023-10-06 15:00:00,"61686"
"426",2023,1,11,1724,1107,377,2108,1418,410,"UA",553,"N77430","EWR","MIA",148,1085,11,7,2023-01-11 11:00:00,"2279"
"427",2023,12,13,1137,1142,-5,1300,1315,-15,"UA",360,"N37531","EWR","ORD",120,719,11,42,2023-12-13 11:00:00,"75991"
"428",2023,1,17,2156,2211,-15,2313,2349,-36,"UA",763,"N79541","EWR","BNA",118,748,22,11,2023-01-17 22:00:00,"3665"
"429",2023,3,18,1225,1225,0,1558,1514,44,"UA",288,"N47280","EWR","MCO",155,937,12,25,2023-03-18 12:00:00,"17146"
"430",2023,5,7,1527,1529,-2,1651,1708,-17,"UA",660,"N27733","EWR","CLE",66,404,15,29,2023-05-07 15:00:00,"28626"
"431",2023,4,10,2111,2109,2,2340,2341,-1,"UA",462,"N21723","EWR","JAX",114,820,21,9,2023-04-10 21:00:00,"22549"
"432",2023,5,2,2101,2052,9,6,2357,9,"UA",106,"N27477","EWR","SRQ",147,1034,20,52,2023-05-02 20:00:00,"27568"
"433",2023,9,26,1156,1159,-3,1503,1505,-2,"UA",940,"N841UA","EWR","SAT",206,1569,11,59,2023-09-26 11:00:00,"59411"
"434",2023,11,5,1331,1333,-2,1626,1634,-8,"UA",188,"N47281","EWR","PBI",139,1023,13,33,2023-11-05 13:00:00,"68217"
"435",2023,6,23,1607,1543,24,1905,1841,24,"UA",411,"N47414","EWR","AUS",194,1504,15,43,2023-06-23 15:00:00,"39049"
"436",2023,12,4,2051,2059,-8,2252,2330,-38,"UA",648,"N17233","EWR","DEN",218,1605,20,59,2023-12-04 20:00:00,"74227"
"437",2023,9,20,854,900,-6,1020,1035,-15,"UA",226,"N36207","LGA","ORD",109,733,9,0,2023-09-20 09:00:00,"58086"
"438",2023,1,17,1039,1000,39,1158,1142,16,"UA",760,"N75428","EWR","ORD",114,719,10,0,2023-01-17 10:00:00,"3523"
"439",2023,8,18,1301,1300,1,1534,1556,-22,"UA",540,"N87527","EWR","SNA",307,2434,13,0,2023-08-18 13:00:00,"51182"
"440",2023,7,21,632,612,20,844,832,12,"UA",358,"N420UA","EWR","ATL",102,746,6,12,2023-07-21 06:00:00,"45065"
"441",2023,6,30,1752,1659,53,1901,1823,38,"UA",471,"N17753","EWR","BOS",36,200,16,59,2023-06-30 16:00:00,"40581"
"442",2023,2,9,820,829,-9,949,1014,-25,"UA",222,"N895UA","EWR","BNA",124,748,8,29,2023-02-09 08:00:00,"8632"
"443",2023,9,10,920,929,-9,1327,1219,68,"UA",482,"N87512","EWR","MCO",166,937,9,29,2023-09-10 09:00:00,"55924"
"444",2023,6,28,NA,1107,NA,NA,1416,NA,"UA",161,NA,"EWR","FLL",NA,1065,11,7,2023-06-28 11:00:00,"40206"
"445",2023,11,29,1258,1059,119,1358,1217,101,"UA",274,"N12109","EWR","BOS",39,200,10,59,2023-11-29 10:00:00,"73087"
"446",2023,6,26,NA,1708,NA,NA,1929,NA,"UA",892,NA,"EWR","DEN",NA,1605,17,8,2023-06-26 17:00:00,"39656"
"447",2023,8,11,1325,1330,-5,1602,1622,-20,"UA",523,"N27515","EWR","AUS",192,1504,13,30,2023-08-11 13:00:00,"49740"
"448",2023,6,30,1255,1135,80,1540,1442,58,"UA",884,"N78540","EWR","MIA",140,1085,11,35,2023-06-30 11:00:00,"40525"
"449",2023,9,13,609,615,-6,901,909,-8,"UA",240,"N37305","EWR","AUS",211,1504,6,15,2023-09-13 06:00:00,"56534"
"450",2023,10,14,2113,2053,20,10,2359,11,"UA",538,"N37466","EWR","AUS",210,1504,20,53,2023-10-14 20:00:00,"63513"
"451",2023,10,8,721,729,-8,945,955,-10,"UA",401,"N21108","EWR","PHX",273,2133,7,29,2023-10-08 07:00:00,"61994"
"452",2023,9,13,1456,1426,30,1737,1739,-2,"UA",243,"N27273","EWR","SEA",308,2402,14,26,2023-09-13 14:00:00,"56658"
"453",2023,12,10,2135,2135,0,2337,2340,-3,"UA",449,"N12238","EWR","CHS",97,628,21,35,2023-12-10 21:00:00,"75465"
"454",2023,11,15,717,724,-7,947,1000,-13,"UA",235,"N829UA","LGA","DEN",233,1620,7,24,2023-11-15 07:00:00,"70226"
"455",2023,11,15,1019,1020,-1,1255,1325,-30,"UA",675,"N14219","EWR","IAH",191,1400,10,20,2023-11-15 10:00:00,"70271"
"456",2023,7,2,1539,1539,0,1852,1844,8,"UA",462,"N27266","EWR","FLL",148,1065,15,39,2023-07-02 15:00:00,"40975"
"457",2023,11,27,1945,1930,15,2253,2240,13,"UA",571,"N787UA","EWR","LAX",302,2454,19,30,2023-11-27 19:00:00,"72748"
"458",2023,8,4,1945,1945,0,2259,2202,57,"UA",705,"N47282","EWR","MSY",153,1167,19,45,2023-08-04 19:00:00,"48330"
"459",2023,2,10,1552,1500,52,1848,1800,48,"UA",590,"N483UA","EWR","TPA",154,997,15,0,2023-02-10 15:00:00,"8963"
"460",2023,8,22,1437,1423,14,1539,1548,-9,"UA",477,"N13716","EWR","BNA",104,748,14,23,2023-08-22 14:00:00,"52020"
"461",2023,1,4,1233,1233,0,1433,1459,-26,"UA",757,"N62896","EWR","DEN",219,1605,12,33,2023-01-04 12:00:00,"745"
"462",2023,12,16,813,759,14,1101,1111,-10,"UA",867,"N17272","EWR","IAH",205,1400,7,59,2023-12-16 07:00:00,"76586"
"463",2023,5,16,1309,1312,-3,1533,1603,-30,"UA",714,"N68891","EWR","MCO",121,937,13,12,2023-05-16 13:00:00,"30653"
"464",2023,3,17,1701,1658,3,1935,1933,2,"UA",472,"N37437","EWR","DEN",239,1605,16,58,2023-03-17 16:00:00,"16978"
"465",2023,3,28,709,645,24,1002,936,26,"UA",807,"N18220","EWR","PBI",147,1023,6,45,2023-03-28 06:00:00,"19388"
"466",2023,4,19,1930,1759,91,2132,1940,112,"UA",724,"N854UA","LGA","ORD",119,733,17,59,2023-04-19 17:00:00,"24587"
"467",2023,3,10,1121,1040,41,1342,1309,33,"UA",456,"N17285","EWR","ATL",112,746,10,40,2023-03-10 10:00:00,"15258"
"468",2023,2,20,1507,1503,4,1812,1802,10,"UA",590,"N37295","EWR","TPA",163,997,15,3,2023-02-20 15:00:00,"11167"
"469",2023,9,22,953,959,-6,1254,1301,-7,"UA",464,"N27734","EWR","AUS",214,1504,9,59,2023-09-22 09:00:00,"58532"
"470",2023,4,26,1812,1820,-8,2153,2134,19,"UA",456,"N27283","EWR","FLL",171,1065,18,20,2023-04-26 18:00:00,"26158"
"471",2023,3,15,1132,1131,1,1229,1241,-12,"UA",646,"N414UA","EWR","BOS",40,200,11,31,2023-03-15 11:00:00,"16427"
"472",2023,3,19,725,725,0,956,954,2,"UA",452,"N441UA","EWR","JAX",127,820,7,25,2023-03-19 07:00:00,"17285"
"473",2023,2,10,1049,1106,-17,1311,1326,-15,"UA",864,"N17279","EWR","MSY",179,1167,11,6,2023-02-10 11:00:00,"8903"
"474",2023,9,24,2354,2235,79,59,2359,60,"UA",458,"N17730","EWR","BUF",48,282,22,35,2023-09-24 22:00:00,"59099"
"475",2023,5,1,1826,1754,32,2111,2049,22,"UA",814,"N33209","EWR","MCO",130,937,17,54,2023-05-01 17:00:00,"27281"
"476",2023,2,10,1755,1800,-5,1922,1942,-20,"UA",905,"N440UA","LGA","ORD",120,733,18,0,2023-02-10 18:00:00,"8994"
"477",2023,5,20,1300,1304,-4,1407,1418,-11,"UA",182,"N17279","EWR","BOS",43,200,13,4,2023-05-20 13:00:00,"31540"
"478",2023,12,12,911,920,-9,1245,1255,-10,"UA",712,"N18112","EWR","SFO",353,2565,9,20,2023-12-12 09:00:00,"75754"
"479",2023,8,22,1707,1711,-4,1844,1847,-3,"UA",490,"N817UA","LGA","ORD",119,733,17,11,2023-08-22 17:00:00,"52053"
"480",2023,11,27,720,730,-10,1018,1030,-12,"UA",762,"N17306","EWR","PBI",146,1023,7,30,2023-11-27 07:00:00,"72593"
"481",2023,8,9,1151,1152,-1,1257,1309,-12,"UA",237,"N47517","EWR","BOS",49,200,11,52,2023-08-09 11:00:00,"49292"
"482",2023,3,11,1844,1728,76,2119,2020,59,"UA",839,"N67827","EWR","MCO",127,937,17,28,2023-03-11 17:00:00,"15562"
"483",2023,9,16,1850,1859,-9,2122,2139,-17,"UA",386,"N12238","EWR","LAS",304,2227,18,59,2023-09-16 18:00:00,"57341"
"484",2023,8,3,611,615,-4,820,836,-16,"UA",342,"N27287","EWR","JAX",103,820,6,15,2023-08-03 06:00:00,"47928"
"485",2023,5,9,853,859,-6,1157,1211,-14,"UA",399,"N37295","EWR","MIA",147,1085,8,59,2023-05-09 08:00:00,"29011"
"486",2023,10,25,2021,2030,-9,2324,2342,-18,"UA",377,"N17122","EWR","LAX",331,2454,20,30,2023-10-25 20:00:00,"65959"
"487",2023,2,21,1258,1303,-5,1529,1548,-19,"UA",133,"N35236","EWR","LAS",312,2227,13,3,2023-02-21 13:00:00,"11376"
"488",2023,4,11,1623,1630,-7,1850,1929,-39,"UA",434,"N21723","EWR","SNA",300,2434,16,30,2023-04-11 16:00:00,"22714"
"489",2023,10,29,1106,1107,-1,1328,1340,-12,"UA",446,"N26208","EWR","JAX",113,820,11,7,2023-10-29 11:00:00,"66715"
"490",2023,10,30,647,655,-8,845,901,-16,"UA",432,"N847UA","EWR","CLT",86,529,6,55,2023-10-30 06:00:00,"66870"
"491",2023,4,23,1648,1540,68,1858,1804,54,"UA",348,"N61887","EWR","DEN",214,1605,15,40,2023-04-23 15:00:00,"25433"
"492",2023,4,29,738,745,-7,853,921,-28,"UA",771,"N17300","EWR","ORD",107,719,7,45,2023-04-29 07:00:00,"26720"
"493",2023,1,3,1312,1317,-5,1551,1611,-20,"UA",792,"N27263","EWR","MCO",137,937,13,17,2023-01-03 13:00:00,"534"
"494",2023,7,5,1713,1659,14,2028,2007,21,"UA",617,"N492UA","EWR","RSW",168,1068,16,59,2023-07-05 16:00:00,"41662"
"495",2023,7,14,1248,1225,23,1511,1441,30,"UA",720,"N68452","EWR","DEN",217,1605,12,25,2023-07-14 12:00:00,"43620"
"496",2023,12,4,1105,1115,-10,1224,1254,-30,"UA",820,"N494UA","LGA","ORD",115,733,11,15,2023-12-04 11:00:00,"74107"
"497",2023,7,18,1958,1850,68,2123,2020,63,"UA",522,"N69835","EWR","BNA",115,748,18,50,2023-07-18 18:00:00,"44533"
"498",2023,5,5,2129,2102,27,2358,2334,24,"UA",508,"N62889","EWR","ATL",103,746,21,2,2023-05-05 21:00:00,"28275"
"499",2023,1,7,751,800,-9,918,943,-25,"UA",943,"N39726","LGA","ORD",114,733,8,0,2023-01-07 08:00:00,"1318"
"500",2023,3,24,2215,2129,46,215,2301,NA,"UA",701,"N428UA","EWR","BNA",NA,748,21,29,2023-03-24 21:00:00,"18692"
"501",2023,1,18,1839,1829,10,2024,2014,10,"UA",510,"N27421","EWR","ORD",128,719,18,29,2023-01-18 18:00:00,"3840"
"502",2023,4,10,1816,1820,-4,2122,2134,-12,"UA",456,"N27277","EWR","FLL",142,1065,18,20,2023-04-10 18:00:00,"22503"
"503",2023,8,9,644,646,-2,838,852,-14,"UA",672,"N809UA","EWR","IND",93,645,6,46,2023-08-09 06:00:00,"49222"
"504",2023,4,8,1154,1159,-5,1401,1423,-22,"UA",355,"N37413","EWR","DEN",227,1605,11,59,2023-04-08 11:00:00,"21987"
"505",2023,11,10,732,734,-2,950,1000,-10,"UA",880,"N435UA","EWR","MSY",182,1167,7,34,2023-11-10 07:00:00,"69207"
"506",2023,1,2,1551,1545,6,1918,1856,22,"UA",789,"N77542","LGA","IAH",208,1416,15,45,2023-01-02 15:00:00,"335"
"507",2023,5,31,2226,2029,117,2327,2206,81,"UA",443,"N35204","EWR","ORD",98,719,20,29,2023-05-31 20:00:00,"34079"
"508",2023,8,30,1747,1659,48,1948,1917,31,"UA",741,"N27283","EWR","PHX",256,2133,16,59,2023-08-30 16:00:00,"53723"
"509",2023,4,12,626,631,-5,832,851,-19,"UA",415,"N23721","EWR","ATL",97,746,6,31,2023-04-12 06:00:00,"22818"
"510",2023,8,23,1410,1405,5,1634,1646,-12,"UA",406,"N479UA","EWR","DFW",171,1372,14,5,2023-08-23 14:00:00,"52227"
"511",2023,10,27,725,729,-4,940,955,-15,"UA",401,"N14102","EWR","PHX",293,2133,7,29,2023-10-27 07:00:00,"66243"
"512",2023,2,28,934,929,5,1103,1056,7,"UA",710,"N492UA","EWR","IAD",50,212,9,29,2023-02-28 09:00:00,"12891"
"513",2023,5,27,1203,1200,3,1444,1526,-42,"UA",230,"N14107","EWR","SFO",314,2565,12,0,2023-05-27 12:00:00,"33079"
"514",2023,11,6,1911,1905,6,1,2357,4,"UA",208,"N69847","EWR","BQN",190,1585,19,5,2023-11-06 19:00:00,"68503"
"515",2023,3,6,2057,2035,22,2359,2255,64,"UA",286,"N41140","EWR","DEN",271,1605,20,35,2023-03-06 20:00:00,"14421"
"516",2023,10,14,657,700,-3,829,842,-13,"UA",831,"N27511","EWR","ORD",116,719,7,0,2023-10-14 07:00:00,"63350"
"517",2023,10,23,1804,1759,5,2049,2050,-1,"UA",630,"N17550","EWR","IAH",188,1400,17,59,2023-10-23 17:00:00,"65473"
"518",2023,1,15,1003,955,8,1237,1258,-21,"UA",559,"N17264","EWR","PBI",133,1023,9,55,2023-01-15 09:00:00,"3070"
"519",2023,7,24,1313,1259,14,1536,1555,-19,"UA",558,"N76523","EWR","SNA",301,2434,12,59,2023-07-24 12:00:00,"45797"
"520",2023,9,11,637,645,-8,924,948,-24,"UA",260,"N39416","EWR","FLL",145,1065,6,45,2023-09-11 06:00:00,"56117"
"521",2023,3,11,1720,1729,-9,2005,2040,-35,"UA",475,"N27274","EWR","IAH",192,1400,17,29,2023-03-11 17:00:00,"15544"
"522",2023,4,5,639,645,-6,913,936,-23,"UA",725,"N37277","EWR","PBI",138,1023,6,45,2023-04-05 06:00:00,"21225"
"523",2023,1,10,1306,1311,-5,1603,1626,-23,"UA",199,"N810UA","EWR","AUS",210,1504,13,11,2023-01-10 13:00:00,"2024"
"524",2023,10,2,809,729,40,1002,955,7,"UA",401,"N48127","EWR","PHX",272,2133,7,29,2023-10-02 07:00:00,"60676"
"525",2023,11,4,1208,1215,-7,1410,1448,-38,"UA",688,"N35271","LGA","DEN",217,1620,12,15,2023-11-04 12:00:00,"68017"
"526",2023,12,7,1342,1350,-8,1616,1705,-49,"UA",912,"N427UA","LGA","IAH",192,1416,13,50,2023-12-07 13:00:00,"74769"
"527",2023,3,21,2056,2048,8,2,2356,6,"UA",280,"N37255","EWR","FLL",149,1065,20,48,2023-03-21 20:00:00,"17949"
"528",2023,12,6,1840,1849,-9,2147,2219,-32,"UA",778,"N24736","EWR","SLC",279,1969,18,49,2023-12-06 18:00:00,"74622"
"529",2023,11,18,2135,2127,8,2306,2315,-9,"UA",821,"N75436","EWR","RDU",66,416,21,27,2023-11-18 21:00:00,"71007"
"530",2023,7,24,654,700,-6,947,944,3,"UA",269,"N69818","EWR","MCO",136,937,7,0,2023-07-24 07:00:00,"45709"
"531",2023,1,12,703,630,33,921,904,17,"UA",271,"N846UA","EWR","ATL",116,746,6,30,2023-01-12 06:00:00,"2386"
"532",2023,1,4,1355,1345,10,1602,1611,-9,"UA",315,"N777UA","EWR","LAS",278,2227,13,45,2023-01-04 13:00:00,"757"
"533",2023,1,5,1919,1916,3,2212,2238,-26,"UA",835,"N27252","EWR","SEA",317,2402,19,16,2023-01-05 19:00:00,"1040"
"534",2023,10,31,1646,1650,-4,1953,2011,-18,"UA",55,"N794UA","EWR","SFO",333,2565,16,50,2023-10-31 16:00:00,"67225"
"535",2023,8,25,2112,1659,253,5,2007,238,"UA",598,"N813UA","EWR","RSW",146,1068,16,59,2023-08-25 16:00:00,"52741"
"536",2023,3,9,1623,1627,-4,1752,1808,-16,"UA",99,"N878UA","EWR","RDU",66,416,16,27,2023-03-09 16:00:00,"15079"
"537",2023,9,16,2047,2048,-1,2326,2335,-9,"UA",465,"N17317","EWR","IAH",186,1400,20,48,2023-09-16 20:00:00,"57365"
"538",2023,1,20,1147,1130,17,1438,1432,6,"UA",284,"N436UA","EWR","PBI",149,1023,11,30,2023-01-20 11:00:00,"4206"
"539",2023,7,24,1506,1459,7,1805,1806,-1,"UA",207,"N803UA","EWR","MIA",153,1085,14,59,2023-07-24 14:00:00,"45818"
"540",2023,2,17,1832,1815,17,2143,2137,6,"UA",438,"N2341U","EWR","SFO",335,2565,18,15,2023-02-17 18:00:00,"10562"
"541",2023,11,12,1316,1059,137,1411,1217,114,"UA",274,"N14118","EWR","BOS",39,200,10,59,2023-11-12 10:00:00,"69659"
"542",2023,2,27,1236,1229,7,1332,1339,-7,"UA",154,"N37540","EWR","BOS",36,200,12,29,2023-02-27 12:00:00,"12708"
"543",2023,11,30,729,740,-11,1009,1008,1,"UA",810,"N53442","EWR","SAV",106,708,7,40,2023-11-30 07:00:00,"73237"
"544",2023,11,3,607,615,-8,905,920,-15,"UA",701,"N38443","EWR","FLL",152,1065,6,15,2023-11-03 06:00:00,"67731"
"545",2023,5,27,1450,1457,-7,1630,1641,-11,"UA",572,"N846UA","EWR","RDU",71,416,14,57,2023-05-27 14:00:00,"33101"
"546",2023,10,25,2107,2057,10,8,3,5,"UA",538,"N23721","EWR","AUS",206,1504,20,57,2023-10-25 20:00:00,"65967"
"547",2023,2,19,1056,1057,-1,1223,1234,-11,"UA",568,"N839UA","EWR","BNA",123,748,10,57,2023-02-19 10:00:00,"10887"
"548",2023,12,10,1245,1245,0,1517,1519,-2,"UA",93,"N427UA","EWR","ATL",126,746,12,45,2023-12-10 12:00:00,"75362"
"549",2023,7,22,2307,2217,50,1,2326,35,"UA",725,"N437UA","EWR","SYR",33,195,22,17,2023-07-22 22:00:00,"45468"
"550",2023,2,16,622,629,-7,818,805,13,"UA",606,"N829UA","LGA","ORD",141,733,6,29,2023-02-16 06:00:00,"10174"
"551",2023,8,30,630,645,-15,824,847,-23,"UA",379,"N11206","EWR","CHS",94,628,6,45,2023-08-30 06:00:00,"53591"
"552",2023,12,8,1757,1800,-3,2050,2109,-19,"UA",663,"N12125","EWR","SAN",324,2425,18,0,2023-12-08 18:00:00,"75032"
"553",2023,5,20,2053,2057,-4,2354,12,-18,"UA",636,"N455UA","EWR","MIA",145,1085,20,57,2023-05-20 20:00:00,"31625"
"554",2023,4,23,2114,2057,17,2336,2318,18,"UA",796,"N14735","EWR","MSY",170,1167,20,57,2023-04-23 20:00:00,"25494"
"555",2023,7,2,2121,2053,28,21,2357,24,"UA",571,"N37277","EWR","SLC",257,1969,20,53,2023-07-02 20:00:00,"41025"
"556",2023,3,16,1107,1105,2,1405,1411,-6,"UA",851,"N27292","EWR","MIA",142,1085,11,5,2023-03-16 11:00:00,"16657"
"557",2023,11,10,845,855,-10,1019,1020,-1,"UA",442,"N814UA","EWR","ORF",57,284,8,55,2023-11-10 08:00:00,"69228"
"558",2023,7,3,746,747,-1,947,950,-3,"UA",728,"N848UA","EWR","MSY",160,1167,7,47,2023-07-03 07:00:00,"41107"
"559",2023,5,14,2040,1959,41,2221,2150,31,"UA",553,"N36469","EWR","RDU",67,416,19,59,2023-05-14 19:00:00,"30291"
"560",2023,11,17,1645,1629,16,1921,1905,16,"UA",791,"N852UA","LGA","DEN",225,1620,16,29,2023-11-17 16:00:00,"70761"
"561",2023,10,15,1442,1440,2,1706,1743,-37,"UA",857,"N17126","EWR","LAX",298,2454,14,40,2023-10-15 14:00:00,"63648"
"562",2023,11,13,1755,1755,0,2058,2104,-6,"UA",657,"N12114","EWR","SAN",337,2425,17,55,2023-11-13 17:00:00,"69930"
"563",2023,9,8,950,904,46,1124,1056,28,"UA",470,"N453UA","EWR","CMH",66,463,9,4,2023-09-08 09:00:00,"55527"
"564",2023,3,23,1040,1040,0,1259,1309,-10,"UA",456,"N47284","EWR","ATL",109,746,10,40,2023-03-23 10:00:00,"18294"
"565",2023,7,28,1629,1559,30,1935,1826,69,"UA",379,"N874UA","EWR","ATL",135,746,15,59,2023-07-28 15:00:00,"46749"
"566",2023,7,18,1951,1830,81,2226,2131,55,"UA",414,"N13716","EWR","SNA",307,2434,18,30,2023-07-18 18:00:00,"44531"
"567",2023,7,16,1044,1005,39,1156,1142,14,"UA",581,"N429UA","LGA","ORD",110,733,10,5,2023-07-16 10:00:00,"43974"
"568",2023,8,1,829,830,-1,1134,1140,-6,"UA",530,"N19141","EWR","SEA",323,2402,8,30,2023-08-01 08:00:00,"47507"
"569",2023,2,15,1857,1859,-2,2227,2209,18,"UA",867,"N11206","EWR","SMF",353,2500,18,59,2023-02-15 18:00:00,"10122"
"570",2023,3,26,1739,1744,-5,2040,2049,-9,"UA",502,"N37257","EWR","IAH",216,1400,17,44,2023-03-26 17:00:00,"19046"
"571",2023,8,4,2120,2025,55,27,2243,104,"UA",248,"N45440","EWR","PHX",268,2133,20,25,2023-08-04 20:00:00,"48348"
"572",2023,12,7,1552,1509,43,1837,1755,42,"UA",666,"N76523","EWR","LAS",319,2227,15,9,2023-12-07 15:00:00,"74793"
"573",2023,8,29,1424,1429,-5,1620,1640,-20,"UA",670,"N69840","EWR","DEN",215,1605,14,29,2023-08-29 14:00:00,"53480"
"574",2023,11,14,1602,1610,-8,1902,1932,-30,"UA",585,"N19130","EWR","LAX",338,2454,16,10,2023-11-14 16:00:00,"70116"
"575",2023,8,22,1428,1429,-1,1603,1630,-27,"UA",305,"N820UA","EWR","CLT",75,529,14,29,2023-08-22 14:00:00,"52018"
"576",2023,10,12,904,910,-6,1213,1216,-3,"UA",914,"N17296","EWR","MIA",144,1085,9,10,2023-10-12 09:00:00,"62925"
"577",2023,6,25,NA,2159,NA,NA,2352,NA,"UA",421,NA,"EWR","MEM",NA,946,21,59,2023-06-25 21:00:00,"39512"
"578",2023,2,24,1554,1558,-4,1905,1905,0,"UA",762,"N417UA","EWR","RSW",152,1068,15,58,2023-02-24 15:00:00,"12098"
"579",2023,6,18,554,600,-6,802,820,-18,"UA",446,"N27539","EWR","ATL",102,746,6,0,2023-06-18 06:00:00,"37792"
"580",2023,5,19,1959,1857,62,2106,2019,47,"UA",667,"N810UA","EWR","BOS",44,200,18,57,2023-05-19 18:00:00,"31411"
"581",2023,8,14,1404,1305,59,1545,1442,63,"UA",494,"N431UA","LGA","ORD",116,733,13,5,2023-08-14 13:00:00,"50334"
"582",2023,6,11,1151,1152,-1,1430,1435,-5,"UA",801,"N18220","EWR","SAN",321,2425,11,52,2023-06-11 11:00:00,"36341"
"583",2023,8,26,707,710,-3,952,1003,-11,"UA",529,"N47284","EWR","PDX",325,2434,7,10,2023-08-26 07:00:00,"52784"
"584",2023,8,28,2127,2107,20,2327,2312,15,"UA",193,"N68452","EWR","CVG",93,569,21,7,2023-08-28 21:00:00,"53351"
"585",2023,3,15,1641,1629,12,1923,1921,2,"UA",879,"N37295","EWR","MCO",120,937,16,29,2023-03-15 16:00:00,"16487"
"586",2023,4,19,1725,1714,11,1957,1939,18,"UA",378,"N38443","EWR","DEN",238,1605,17,14,2023-04-19 17:00:00,"24557"
"587",2023,10,29,829,837,-8,1123,1143,-20,"UA",90,"N17311","EWR","TPA",145,997,8,37,2023-10-29 08:00:00,"66688"
"588",2023,3,25,834,835,-1,1406,1359,7,"UA",19,"N662UA","EWR","OGG",647,4904,8,35,2023-03-25 08:00:00,"18744"
"589",2023,2,9,657,710,-13,935,1021,-46,"UA",778,"N27256","EWR","DFW",194,1372,7,10,2023-02-09 07:00:00,"8604"
"590",2023,10,14,1314,1315,-1,1441,1450,-9,"UA",584,"N897UA","LGA","ORD",116,733,13,15,2023-10-14 13:00:00,"63429"
"591",2023,4,5,1933,1914,19,2129,2051,38,"UA",581,"N882UA","EWR","BNA",129,748,19,14,2023-04-05 19:00:00,"21382"
"592",2023,11,18,1109,1115,-6,1437,1453,-16,"UA",429,"N67815","EWR","PHX",308,2133,11,15,2023-11-18 11:00:00,"70902"
"593",2023,6,21,1528,1529,-1,1703,1711,-8,"UA",802,"N15712","EWR","CLE",62,404,15,29,2023-06-21 15:00:00,"38583"
"594",2023,5,13,2107,2057,10,8,12,-4,"UA",636,"N451UA","EWR","MIA",154,1085,20,57,2023-05-13 20:00:00,"30074"
"595",2023,11,7,637,645,-8,804,820,-16,"UA",818,"N24736","EWR","BNA",119,748,6,45,2023-11-07 06:00:00,"68553"
"596",2023,6,19,557,603,-6,724,735,-11,"UA",758,"N38268","EWR","ORD",107,719,6,3,2023-06-19 06:00:00,"38003"
"597",2023,11,24,1001,1000,1,1302,1318,-16,"UA",263,"N786UA","EWR","SFO",330,2565,10,0,2023-11-24 10:00:00,"72030"
"598",2023,6,4,1916,1517,239,2101,1634,267,"UA",616,"N27269","EWR","BOS",62,200,15,17,2023-06-04 15:00:00,"34890"
"599",2023,3,23,843,630,133,1002,738,144,"UA",524,"N27260","EWR","BOS",44,200,6,30,2023-03-23 06:00:00,"18272"
"600",2023,3,11,1411,1415,-4,1713,1732,-19,"UA",755,"N91007","EWR","SFO",334,2565,14,15,2023-03-11 14:00:00,"15513"
